question,sql
Show all orders ordered by order_id,SELECT * FROM orders ORDER BY order_id;
Find average name in employees,SELECT AVG(name) FROM employees;
Show name from customers where city > 100,SELECT name FROM customers WHERE city > 100;
Show all customers ordered by age,SELECT * FROM customers ORDER BY age;
Find minimum customer_id in orders,SELECT MIN(customer_id) FROM orders;
Find average salary in employees,SELECT AVG(salary) FROM employees;
List all name from students,SELECT name FROM students;
Show salary from employees where id = 80,SELECT salary FROM employees WHERE id = 80;
Find maximum membership in customers,SELECT MAX(membership) FROM customers;
Show all customers,SELECT * FROM customers;
Find all records in products where stock <= 70,SELECT * FROM products WHERE stock <= 70;
Show all customers,SELECT * FROM customers;
Count all rows in customers,SELECT COUNT(*) FROM customers;
Find minimum product_id in products,SELECT MIN(product_id) FROM products;
Find minimum order_id in orders,SELECT MIN(order_id) FROM orders;
List all age from employees,SELECT age FROM employees;
Count all rows in customers,SELECT COUNT(*) FROM customers;
Show age from customers where customer_id >= 80,SELECT age FROM customers WHERE customer_id >= 80;
Find average category in products,SELECT AVG(category) FROM products;
Find minimum id in students,SELECT MIN(id) FROM students;
Count all rows in students,SELECT COUNT(*) FROM students;
Find maximum customer_id in customers,SELECT MAX(customer_id) FROM customers;
Find minimum customer_id in customers,SELECT MIN(customer_id) FROM customers;
Find all records in products where name <= 20,SELECT * FROM products WHERE name <= 20;
Show marks from students where id > 20,SELECT marks FROM students WHERE id > 20;
Count all rows in employees,SELECT COUNT(*) FROM employees;
Show all employees,SELECT * FROM employees;
Show price from products where name >= 70,SELECT price FROM products WHERE name >= 70;
List all name from customers,SELECT name FROM customers;
Find all records in orders where order_id = 90,SELECT * FROM orders WHERE order_id = 90;
Show all employees ordered by age,SELECT * FROM employees ORDER BY age;
Show customer_id from customers where membership = 10,SELECT customer_id FROM customers WHERE membership = 10;
Show all orders ordered by amount,SELECT * FROM orders ORDER BY amount;
Count all rows in employees,SELECT COUNT(*) FROM employees;
Show all employees ordered by age,SELECT * FROM employees ORDER BY age;
Count all rows in products,SELECT COUNT(*) FROM products;
Find average stock in products,SELECT AVG(stock) FROM products;
Show all products ordered by stock,SELECT * FROM products ORDER BY stock;
Show all employees ordered by id,SELECT * FROM employees ORDER BY id;
List all id from students,SELECT id FROM students;
Show all employees,SELECT * FROM employees;
Find average order_id in orders,SELECT AVG(order_id) FROM orders;
Show all orders,SELECT * FROM orders;
Show all students,SELECT * FROM students;
Find average age in employees,SELECT AVG(age) FROM employees;
Show all products,SELECT * FROM products;
Show price from products where name < 40,SELECT price FROM products WHERE name < 40;
Show all orders ordered by amount,SELECT * FROM orders ORDER BY amount;
Show status from orders where customer_id >= 20,SELECT status FROM orders WHERE customer_id >= 20;
Find average customer_id in customers,SELECT AVG(customer_id) FROM customers;
Find average salary in employees,SELECT AVG(salary) FROM employees;
Show id from students where department < 50,SELECT id FROM students WHERE department < 50;
Count all rows in customers,SELECT COUNT(*) FROM customers;
Show name from students where marks >= 30,SELECT name FROM students WHERE marks >= 30;
Find maximum stock in products,SELECT MAX(stock) FROM products;
Show all students ordered by age,SELECT * FROM students ORDER BY age;
Show all orders,SELECT * FROM orders;
Find maximum department in students,SELECT MAX(department) FROM students;
Find minimum name in customers,SELECT MIN(name) FROM customers;
Find maximum customer_id in customers,SELECT MAX(customer_id) FROM customers;
Find minimum name in employees,SELECT MIN(name) FROM employees;
Count all rows in customers,SELECT COUNT(*) FROM customers;
Find maximum age in customers,SELECT MAX(age) FROM customers;
Find all records in employees where salary < 60,SELECT * FROM employees WHERE salary < 60;
Show category from products where category >= 80,SELECT category FROM products WHERE category >= 80;
Find all records in customers where age < 60,SELECT * FROM customers WHERE age < 60;
Show product_id from products where name >= 30,SELECT product_id FROM products WHERE name >= 30;
Find all records in students where marks >= 30,SELECT * FROM students WHERE marks >= 30;
Count all rows in products,SELECT COUNT(*) FROM products;
Find minimum age in employees,SELECT MIN(age) FROM employees;
Count all rows in employees,SELECT COUNT(*) FROM employees;
Find all records in products where category < 70,SELECT * FROM products WHERE category < 70;
Show name from customers where city > 70,SELECT name FROM customers WHERE city > 70;
Find minimum department in students,SELECT MIN(department) FROM students;
Count all rows in customers,SELECT COUNT(*) FROM customers;
Show name from products where category = 20,SELECT name FROM products WHERE category = 20;
List all customer_id from customers,SELECT customer_id FROM customers;
Show all orders ordered by date,SELECT * FROM orders ORDER BY date;
Find minimum name in customers,SELECT MIN(name) FROM customers;
Find maximum name in employees,SELECT MAX(name) FROM employees;
List all age from customers,SELECT age FROM customers;
Show all employees,SELECT * FROM employees;
Find average salary in employees,SELECT AVG(salary) FROM employees;
Find average amount in orders,SELECT AVG(amount) FROM orders;
Find minimum city in customers,SELECT MIN(city) FROM customers;
Show status from orders where customer_id < 50,SELECT status FROM orders WHERE customer_id < 50;
Show all students,SELECT * FROM students;
Find minimum age in customers,SELECT MIN(age) FROM customers;
Show all students ordered by department,SELECT * FROM students ORDER BY department;
Find minimum name in employees,SELECT MIN(name) FROM employees;
List all name from students,SELECT name FROM students;
Find maximum name in students,SELECT MAX(name) FROM students;
Find maximum name in employees,SELECT MAX(name) FROM employees;
Find all records in orders where customer_id > 80,SELECT * FROM orders WHERE customer_id > 80;
Show customer_id from customers where membership > 40,SELECT customer_id FROM customers WHERE membership > 40;
Show all students,SELECT * FROM students;
Show all employees ordered by id,SELECT * FROM employees ORDER BY id;
Find maximum stock in products,SELECT MAX(stock) FROM products;
List all department from students,SELECT department FROM students;
Show all employees ordered by department,SELECT * FROM employees ORDER BY department;
Show stock from products where price <= 60,SELECT stock FROM products WHERE price <= 60;
Count all rows in students,SELECT COUNT(*) FROM students;
Find maximum salary in employees,SELECT MAX(salary) FROM employees;
Find minimum name in employees,SELECT MIN(name) FROM employees;
Find average city in customers,SELECT AVG(city) FROM customers;
Show order_id from orders where customer_id <= 50,SELECT order_id FROM orders WHERE customer_id <= 50;
List all customer_id from customers,SELECT customer_id FROM customers;
Show all orders,SELECT * FROM orders;
Find maximum name in students,SELECT MAX(name) FROM students;
Find maximum name in employees,SELECT MAX(name) FROM employees;
Show all students ordered by name,SELECT * FROM students ORDER BY name;
Find average age in customers,SELECT AVG(age) FROM customers;
Show marks from students where id < 40,SELECT marks FROM students WHERE id < 40;
Show all orders ordered by customer_id,SELECT * FROM orders ORDER BY customer_id;
Show all students,SELECT * FROM students;
Show salary from employees where department = 90,SELECT salary FROM employees WHERE department = 90;
Show all employees,SELECT * FROM employees;
Find all records in employees where department >= 60,SELECT * FROM employees WHERE department >= 60;
Show order_id from orders where date <= 50,SELECT order_id FROM orders WHERE date <= 50;
Show age from customers where customer_id <= 50,SELECT age FROM customers WHERE customer_id <= 50;
Find average date in orders,SELECT AVG(date) FROM orders;
Find average price in products,SELECT AVG(price) FROM products;
Show all orders,SELECT * FROM orders;
Find average amount in orders,SELECT AVG(amount) FROM orders;
Show all orders,SELECT * FROM orders;
Find minimum name in students,SELECT MIN(name) FROM students;
Show all customers ordered by name,SELECT * FROM customers ORDER BY name;
Find maximum category in products,SELECT MAX(category) FROM products;
Find maximum name in employees,SELECT MAX(name) FROM employees;
Count all rows in students,SELECT COUNT(*) FROM students;
Find average date in orders,SELECT AVG(date) FROM orders;
Find minimum name in students,SELECT MIN(name) FROM students;
Find average id in employees,SELECT AVG(id) FROM employees;
Show all orders,SELECT * FROM orders;
Show id from students where marks > 20,SELECT id FROM students WHERE marks > 20;
Find maximum customer_id in customers,SELECT MAX(customer_id) FROM customers;
List all city from customers,SELECT city FROM customers;
Find minimum customer_id in orders,SELECT MIN(customer_id) FROM orders;
Find minimum name in products,SELECT MIN(name) FROM products;
Find minimum category in products,SELECT MIN(category) FROM products;
Find maximum id in students,SELECT MAX(id) FROM students;
List all age from students,SELECT age FROM students;
Show all orders,SELECT * FROM orders;
Count all rows in customers,SELECT COUNT(*) FROM customers;
Find minimum name in students,SELECT MIN(name) FROM students;
Show all products ordered by stock,SELECT * FROM products ORDER BY stock;
Find all records in orders where date < 50,SELECT * FROM orders WHERE date < 50;
Show all orders ordered by amount,SELECT * FROM orders ORDER BY amount;
Find minimum age in customers,SELECT MIN(age) FROM customers;
Find all records in employees where salary = 40,SELECT * FROM employees WHERE salary = 40;
Find average date in orders,SELECT AVG(date) FROM orders;
Find all records in products where name >= 90,SELECT * FROM products WHERE name >= 90;
Find minimum age in students,SELECT MIN(age) FROM students;
Find average name in students,SELECT AVG(name) FROM students;
List all salary from employees,SELECT salary FROM employees;
Find maximum age in customers,SELECT MAX(age) FROM customers;
Find all records in products where category <= 90,SELECT * FROM products WHERE category <= 90;
Find minimum department in employees,SELECT MIN(department) FROM employees;
Count all rows in employees,SELECT COUNT(*) FROM employees;
Show date from orders where date >= 90,SELECT date FROM orders WHERE date >= 90;
Show order_id from orders where status <= 100,SELECT order_id FROM orders WHERE status <= 100;
Find minimum name in students,SELECT MIN(name) FROM students;
Find all records in products where name = 30,SELECT * FROM products WHERE name = 30;
Find all records in orders where order_id >= 80,SELECT * FROM orders WHERE order_id >= 80;
Count all rows in customers,SELECT COUNT(*) FROM customers;
Find minimum status in orders,SELECT MIN(status) FROM orders;
Find maximum department in employees,SELECT MAX(department) FROM employees;
Find maximum order_id in orders,SELECT MAX(order_id) FROM orders;
Show age from customers where customer_id <= 80,SELECT age FROM customers WHERE customer_id <= 80;
Count all rows in customers,SELECT COUNT(*) FROM customers;
Show all orders ordered by date,SELECT * FROM orders ORDER BY date;
Find minimum name in products,SELECT MIN(name) FROM products;
Count all rows in employees,SELECT COUNT(*) FROM employees;
Find minimum order_id in orders,SELECT MIN(order_id) FROM orders;
Show name from employees where department < 30,SELECT name FROM employees WHERE department < 30;
List all department from students,SELECT department FROM students;
List all customer_id from customers,SELECT customer_id FROM customers;
Find maximum price in products,SELECT MAX(price) FROM products;
Count all rows in employees,SELECT COUNT(*) FROM employees;
Count all rows in customers,SELECT COUNT(*) FROM customers;
List all name from products,SELECT name FROM products;
Find all records in products where name < 20,SELECT * FROM products WHERE name < 20;
Find all records in students where id < 60,SELECT * FROM students WHERE id < 60;
Count all rows in orders,SELECT COUNT(*) FROM orders;
Find average stock in products,SELECT AVG(stock) FROM products;
Count all rows in customers,SELECT COUNT(*) FROM customers;
Find all records in customers where customer_id = 100,SELECT * FROM customers WHERE customer_id = 100;
Find maximum name in students,SELECT MAX(name) FROM students;
Find average city in customers,SELECT AVG(city) FROM customers;
Show all customers ordered by age,SELECT * FROM customers ORDER BY age;
Show all employees,SELECT * FROM employees;
Find average date in orders,SELECT AVG(date) FROM orders;
Find all records in customers where membership = 100,SELECT * FROM customers WHERE membership = 100;
Find average membership in customers,SELECT AVG(membership) FROM customers;
List all city from customers,SELECT city FROM customers;
Show all students,SELECT * FROM students;
Show date from orders where status = 90,SELECT date FROM orders WHERE status = 90;
Find average order_id in orders,SELECT AVG(order_id) FROM orders;
Count all rows in employees,SELECT COUNT(*) FROM employees;
Show all employees ordered by department,SELECT * FROM employees ORDER BY department;
Show category from products where product_id < 50,SELECT category FROM products WHERE product_id < 50;
Show category from products where name = 50,SELECT category FROM products WHERE name = 50;
Find all records in products where product_id >= 40,SELECT * FROM products WHERE product_id >= 40;
Show category from products where price = 10,SELECT category FROM products WHERE price = 10;
Show all customers ordered by customer_id,SELECT * FROM customers ORDER BY customer_id;
Find average category in products,SELECT AVG(category) FROM products;
Find all records in products where name = 100,SELECT * FROM products WHERE name = 100;
Find maximum department in employees,SELECT MAX(department) FROM employees;
Show product_id from products where stock < 20,SELECT product_id FROM products WHERE stock < 20;
Show all employees,SELECT * FROM employees;
Find minimum age in students,SELECT MIN(age) FROM students;
Find maximum marks in students,SELECT MAX(marks) FROM students;
Count all rows in products,SELECT COUNT(*) FROM products;
Show all products,SELECT * FROM products;
List all department from students,SELECT department FROM students;
Find minimum product_id in products,SELECT MIN(product_id) FROM products;
List all department from students,SELECT department FROM students;
List all id from employees,SELECT id FROM employees;
Show name from students where name >= 70,SELECT name FROM students WHERE name >= 70;
Find all records in orders where amount > 90,SELECT * FROM orders WHERE amount > 90;
Find average id in students,SELECT AVG(id) FROM students;
Show category from products where price < 10,SELECT category FROM products WHERE price < 10;
Find minimum age in customers,SELECT MIN(age) FROM customers;
Show all students ordered by department,SELECT * FROM students ORDER BY department;
Find maximum product_id in products,SELECT MAX(product_id) FROM products;
Find maximum price in products,SELECT MAX(price) FROM products;
Show age from customers where membership > 50,SELECT age FROM customers WHERE membership > 50;
Show all products ordered by category,SELECT * FROM products ORDER BY category;
Count all rows in students,SELECT COUNT(*) FROM students;
Find maximum age in customers,SELECT MAX(age) FROM customers;
Find average marks in students,SELECT AVG(marks) FROM students;
Find maximum id in employees,SELECT MAX(id) FROM employees;
Count all rows in products,SELECT COUNT(*) FROM products;
Find maximum id in students,SELECT MAX(id) FROM students;
Count all rows in students,SELECT COUNT(*) FROM students;
Find minimum age in employees,SELECT MIN(age) FROM employees;
Show all products,SELECT * FROM products;
Show all orders ordered by status,SELECT * FROM orders ORDER BY status;
Show all orders,SELECT * FROM orders;
Find minimum amount in orders,SELECT MIN(amount) FROM orders;
Find average status in orders,SELECT AVG(status) FROM orders;
Count all rows in orders,SELECT COUNT(*) FROM orders;
Find maximum status in orders,SELECT MAX(status) FROM orders;
Show all customers,SELECT * FROM customers;
Find all records in products where price >= 90,SELECT * FROM products WHERE price >= 90;
Find maximum age in customers,SELECT MAX(age) FROM customers;
Show all employees,SELECT * FROM employees;
Find maximum price in products,SELECT MAX(price) FROM products;
List all marks from students,SELECT marks FROM students;
Count all rows in orders,SELECT COUNT(*) FROM orders;
Show all products ordered by name,SELECT * FROM products ORDER BY name;
Show all employees ordered by salary,SELECT * FROM employees ORDER BY salary;
Find all records in products where price = 20,SELECT * FROM products WHERE price = 20;
List all age from students,SELECT age FROM students;
Show all customers ordered by name,SELECT * FROM customers ORDER BY name;
Count all rows in products,SELECT COUNT(*) FROM products;
Find maximum membership in customers,SELECT MAX(membership) FROM customers;
List all date from orders,SELECT date FROM orders;
Show id from students where department < 30,SELECT id FROM students WHERE department < 30;
Find all records in customers where membership = 100,SELECT * FROM customers WHERE membership = 100;
Count all rows in students,SELECT COUNT(*) FROM students;
Count all rows in orders,SELECT COUNT(*) FROM orders;
Show all customers ordered by age,SELECT * FROM customers ORDER BY age;
Find average age in customers,SELECT AVG(age) FROM customers;
Count all rows in products,SELECT COUNT(*) FROM products;
Find maximum name in students,SELECT MAX(name) FROM students;
Find all records in students where marks > 90,SELECT * FROM students WHERE marks > 90;
Count all rows in employees,SELECT COUNT(*) FROM employees;
Show all orders,SELECT * FROM orders;
Find average order_id in orders,SELECT AVG(order_id) FROM orders;
Find all records in products where price = 100,SELECT * FROM products WHERE price = 100;
Count all rows in customers,SELECT COUNT(*) FROM customers;
Show all products,SELECT * FROM products;
Show all products ordered by product_id,SELECT * FROM products ORDER BY product_id;
Find minimum price in products,SELECT MIN(price) FROM products;
Show all products ordered by stock,SELECT * FROM products ORDER BY stock;
Find maximum date in orders,SELECT MAX(date) FROM orders;
Find maximum department in employees,SELECT MAX(department) FROM employees;
Show all products ordered by product_id,SELECT * FROM products ORDER BY product_id;
Show all customers ordered by membership,SELECT * FROM customers ORDER BY membership;
Show all customers ordered by membership,SELECT * FROM customers ORDER BY membership;
Find average id in employees,SELECT AVG(id) FROM employees;
Count all rows in employees,SELECT COUNT(*) FROM employees;
Find average department in employees,SELECT AVG(department) FROM employees;
Show age from employees where name < 80,SELECT age FROM employees WHERE name < 80;
Show all customers ordered by membership,SELECT * FROM customers ORDER BY membership;
Find minimum name in employees,SELECT MIN(name) FROM employees;
Show all employees,SELECT * FROM employees;
Find minimum stock in products,SELECT MIN(stock) FROM products;
Find average age in customers,SELECT AVG(age) FROM customers;
Find maximum name in employees,SELECT MAX(name) FROM employees;
Find average age in students,SELECT AVG(age) FROM students;
Find maximum status in orders,SELECT MAX(status) FROM orders;
Show category from products where stock < 40,SELECT category FROM products WHERE stock < 40;
Show category from products where name <= 80,SELECT category FROM products WHERE name <= 80;
Find all records in products where price >= 70,SELECT * FROM products WHERE price >= 70;
Find average name in customers,SELECT AVG(name) FROM customers;
Show age from students where marks < 60,SELECT age FROM students WHERE marks < 60;
Show all students,SELECT * FROM students;
Count all rows in customers,SELECT COUNT(*) FROM customers;
List all category from products,SELECT category FROM products;
Find minimum product_id in products,SELECT MIN(product_id) FROM products;
Show name from products where name >= 50,SELECT name FROM products WHERE name >= 50;
Find all records in employees where salary >= 30,SELECT * FROM employees WHERE salary >= 30;
Find average department in employees,SELECT AVG(department) FROM employees;
Find average order_id in orders,SELECT AVG(order_id) FROM orders;
Find minimum city in customers,SELECT MIN(city) FROM customers;
Find minimum date in orders,SELECT MIN(date) FROM orders;
Show city from customers where name >= 80,SELECT city FROM customers WHERE name >= 80;
Find minimum order_id in orders,SELECT MIN(order_id) FROM orders;
Find average customer_id in orders,SELECT AVG(customer_id) FROM orders;
Find average amount in orders,SELECT AVG(amount) FROM orders;
Find minimum date in orders,SELECT MIN(date) FROM orders;
Show all products ordered by product_id,SELECT * FROM products ORDER BY product_id;
Show all orders ordered by date,SELECT * FROM orders ORDER BY date;
List all age from customers,SELECT age FROM customers;
Find minimum status in orders,SELECT MIN(status) FROM orders;
Show all students,SELECT * FROM students;
List all product_id from products,SELECT product_id FROM products;
Find all records in employees where department > 70,SELECT * FROM employees WHERE department > 70;
Show all products,SELECT * FROM products;
Count all rows in students,SELECT COUNT(*) FROM students;
Find minimum name in customers,SELECT MIN(name) FROM customers;
Show amount from orders where amount > 30,SELECT amount FROM orders WHERE amount > 30;
Show customer_id from orders where order_id > 30,SELECT customer_id FROM orders WHERE order_id > 30;
Find all records in employees where salary <= 50,SELECT * FROM employees WHERE salary <= 50;
Count all rows in students,SELECT COUNT(*) FROM students;
Count all rows in customers,SELECT COUNT(*) FROM customers;
Find maximum name in customers,SELECT MAX(name) FROM customers;
Find minimum department in employees,SELECT MIN(department) FROM employees;
Count all rows in employees,SELECT COUNT(*) FROM employees;
Find average age in customers,SELECT AVG(age) FROM customers;
Find all records in orders where order_id = 50,SELECT * FROM orders WHERE order_id = 50;
Find all records in orders where order_id < 20,SELECT * FROM orders WHERE order_id < 20;
Show all students,SELECT * FROM students;
Find all records in customers where name > 100,SELECT * FROM customers WHERE name > 100;
Find all records in products where stock > 100,SELECT * FROM products WHERE stock > 100;
Count all rows in customers,SELECT COUNT(*) FROM customers;
Find average customer_id in orders,SELECT AVG(customer_id) FROM orders;
Show city from customers where name < 100,SELECT city FROM customers WHERE name < 100;
Show all orders ordered by amount,SELECT * FROM orders ORDER BY amount;
Find maximum membership in customers,SELECT MAX(membership) FROM customers;
Find minimum salary in employees,SELECT MIN(salary) FROM employees;
Count all rows in students,SELECT COUNT(*) FROM students;
Find all records in products where product_id < 50,SELECT * FROM products WHERE product_id < 50;
Find minimum salary in employees,SELECT MIN(salary) FROM employees;
Find minimum stock in products,SELECT MIN(stock) FROM products;
List all name from students,SELECT name FROM students;
Find average id in employees,SELECT AVG(id) FROM employees;
Show all employees ordered by salary,SELECT * FROM employees ORDER BY salary;
Show all orders,SELECT * FROM orders;
List all city from customers,SELECT city FROM customers;
Show all customers ordered by membership,SELECT * FROM customers ORDER BY membership;
Find average product_id in products,SELECT AVG(product_id) FROM products;
List all age from employees,SELECT age FROM employees;
Show all products,SELECT * FROM products;
Count all rows in products,SELECT COUNT(*) FROM products;
Show all employees ordered by age,SELECT * FROM employees ORDER BY age;
Count all rows in customers,SELECT COUNT(*) FROM customers;
Find average order_id in orders,SELECT AVG(order_id) FROM orders;
Show all customers ordered by customer_id,SELECT * FROM customers ORDER BY customer_id;
Find all records in customers where name = 90,SELECT * FROM customers WHERE name = 90;
List all date from orders,SELECT date FROM orders;
Show all orders,SELECT * FROM orders;
Show all products,SELECT * FROM products;
List all stock from products,SELECT stock FROM products;
Find all records in customers where name < 50,SELECT * FROM customers WHERE name < 50;
Show all students ordered by age,SELECT * FROM students ORDER BY age;
Find maximum city in customers,SELECT MAX(city) FROM customers;
Show date from orders where date = 50,SELECT date FROM orders WHERE date = 50;
Show membership from customers where city >= 80,SELECT membership FROM customers WHERE city >= 80;
Find minimum city in customers,SELECT MIN(city) FROM customers;
Find maximum name in customers,SELECT MAX(name) FROM customers;
Count all rows in orders,SELECT COUNT(*) FROM orders;
Find average id in employees,SELECT AVG(id) FROM employees;
Count all rows in customers,SELECT COUNT(*) FROM customers;
Find maximum date in orders,SELECT MAX(date) FROM orders;
Find minimum name in employees,SELECT MIN(name) FROM employees;
Show all customers,SELECT * FROM customers;
List all city from customers,SELECT city FROM customers;
Find maximum name in customers,SELECT MAX(name) FROM customers;
Find minimum order_id in orders,SELECT MIN(order_id) FROM orders;
Find all records in orders where amount <= 10,SELECT * FROM orders WHERE amount <= 10;
Find all records in products where price >= 50,SELECT * FROM products WHERE price >= 50;
Find all records in students where marks < 50,SELECT * FROM students WHERE marks < 50;
Show all products ordered by name,SELECT * FROM products ORDER BY name;
Find maximum id in employees,SELECT MAX(id) FROM employees;
Show all orders,SELECT * FROM orders;
Find all records in products where price < 10,SELECT * FROM products WHERE price < 10;
Count all rows in employees,SELECT COUNT(*) FROM employees;
Find all records in orders where customer_id <= 80,SELECT * FROM orders WHERE customer_id <= 80;
Find all records in customers where membership >= 90,SELECT * FROM customers WHERE membership >= 90;
Find all records in students where age = 80,SELECT * FROM students WHERE age = 80;
Find maximum order_id in orders,SELECT MAX(order_id) FROM orders;
Find minimum marks in students,SELECT MIN(marks) FROM students;
List all membership from customers,SELECT membership FROM customers;
List all age from students,SELECT age FROM students;
Find maximum department in students,SELECT MAX(department) FROM students;
Show name from customers where age < 30,SELECT name FROM customers WHERE age < 30;
Show city from customers where name >= 80,SELECT city FROM customers WHERE name >= 80;
Find minimum order_id in orders,SELECT MIN(order_id) FROM orders;
Show all products,SELECT * FROM products;
Count all rows in orders,SELECT COUNT(*) FROM orders;
Show all products,SELECT * FROM products;
Show all employees ordered by salary,SELECT * FROM employees ORDER BY salary;
Find maximum category in products,SELECT MAX(category) FROM products;
Show all students,SELECT * FROM students;
Show all employees,SELECT * FROM employees;
Count all rows in employees,SELECT COUNT(*) FROM employees;
Find average id in students,SELECT AVG(id) FROM students;
Find minimum salary in employees,SELECT MIN(salary) FROM employees;
Find all records in customers where customer_id <= 10,SELECT * FROM customers WHERE customer_id <= 10;
Find average age in students,SELECT AVG(age) FROM students;
List all date from orders,SELECT date FROM orders;
Show all products ordered by name,SELECT * FROM products ORDER BY name;
Count all rows in orders,SELECT COUNT(*) FROM orders;
Find average city in customers,SELECT AVG(city) FROM customers;
Count all rows in orders,SELECT COUNT(*) FROM orders;
Count all rows in employees,SELECT COUNT(*) FROM employees;
Show all students ordered by name,SELECT * FROM students ORDER BY name;
Find all records in orders where amount <= 20,SELECT * FROM orders WHERE amount <= 20;
Show all products,SELECT * FROM products;
Find average age in employees,SELECT AVG(age) FROM employees;
Show all students,SELECT * FROM students;
Show all students ordered by name,SELECT * FROM students ORDER BY name;
Find maximum marks in students,SELECT MAX(marks) FROM students;
List all customer_id from orders,SELECT customer_id FROM orders;
Find all records in employees where id >= 90,SELECT * FROM employees WHERE id >= 90;
List all age from students,SELECT age FROM students;
Count all rows in products,SELECT COUNT(*) FROM products;
List all age from students,SELECT age FROM students;
Show all products,SELECT * FROM products;
Find average name in employees,SELECT AVG(name) FROM employees;
Find average department in students,SELECT AVG(department) FROM students;
List all id from students,SELECT id FROM students;
Show all students ordered by name,SELECT * FROM students ORDER BY name;
Find maximum customer_id in orders,SELECT MAX(customer_id) FROM orders;
Count all rows in customers,SELECT COUNT(*) FROM customers;
Count all rows in students,SELECT COUNT(*) FROM students;
Count all rows in customers,SELECT COUNT(*) FROM customers;
Show name from customers where age = 60,SELECT name FROM customers WHERE age = 60;
Find average amount in orders,SELECT AVG(amount) FROM orders;
Find maximum id in employees,SELECT MAX(id) FROM employees;
Show id from employees where salary > 30,SELECT id FROM employees WHERE salary > 30;
Find average id in students,SELECT AVG(id) FROM students;
Find average name in students,SELECT AVG(name) FROM students;
Find minimum amount in orders,SELECT MIN(amount) FROM orders;
Find minimum name in products,SELECT MIN(name) FROM products;
Show status from orders where order_id = 60,SELECT status FROM orders WHERE order_id = 60;
Show all products ordered by product_id,SELECT * FROM products ORDER BY product_id;
List all category from products,SELECT category FROM products;
List all name from customers,SELECT name FROM customers;
Find average name in students,SELECT AVG(name) FROM students;
Find maximum name in students,SELECT MAX(name) FROM students;
Show all products ordered by stock,SELECT * FROM products ORDER BY stock;
Show all customers ordered by name,SELECT * FROM customers ORDER BY name;
Find all records in students where id >= 60,SELECT * FROM students WHERE id >= 60;
Find minimum age in employees,SELECT MIN(age) FROM employees;
Show all customers ordered by age,SELECT * FROM customers ORDER BY age;
Find maximum department in employees,SELECT MAX(department) FROM employees;
Count all rows in employees,SELECT COUNT(*) FROM employees;
Show all customers,SELECT * FROM customers;
Show all products ordered by name,SELECT * FROM products ORDER BY name;
Find all records in products where stock >= 50,SELECT * FROM products WHERE stock >= 50;
Find all records in students where id > 70,SELECT * FROM students WHERE id > 70;
Find all records in students where department < 40,SELECT * FROM students WHERE department < 40;
Show all products ordered by category,SELECT * FROM products ORDER BY category;
Find minimum city in customers,SELECT MIN(city) FROM customers;
Find maximum department in employees,SELECT MAX(department) FROM employees;
Find all records in customers where age > 80,SELECT * FROM customers WHERE age > 80;
Find minimum product_id in products,SELECT MIN(product_id) FROM products;
Show all employees,SELECT * FROM employees;
Count all rows in orders,SELECT COUNT(*) FROM orders;
List all customer_id from customers,SELECT customer_id FROM customers;
List all name from students,SELECT name FROM students;
List all id from employees,SELECT id FROM employees;
Find all records in employees where name > 30,SELECT * FROM employees WHERE name > 30;
Find all records in students where name < 20,SELECT * FROM students WHERE name < 20;
Find all records in customers where customer_id >= 70,SELECT * FROM customers WHERE customer_id >= 70;
Show all orders ordered by customer_id,SELECT * FROM orders ORDER BY customer_id;
Find all records in customers where membership > 20,SELECT * FROM customers WHERE membership > 20;
Find minimum marks in students,SELECT MIN(marks) FROM students;
Count all rows in employees,SELECT COUNT(*) FROM employees;
Show customer_id from customers where age >= 30,SELECT customer_id FROM customers WHERE age >= 30;
Find all records in employees where name >= 20,SELECT * FROM employees WHERE name >= 20;
Count all rows in products,SELECT COUNT(*) FROM products;
Find maximum age in students,SELECT MAX(age) FROM students;
Find minimum department in students,SELECT MIN(department) FROM students;
Find average id in students,SELECT AVG(id) FROM students;
Find maximum name in products,SELECT MAX(name) FROM products;
Show all products ordered by name,SELECT * FROM products ORDER BY name;
List all id from students,SELECT id FROM students;
Count all rows in customers,SELECT COUNT(*) FROM customers;
List all amount from orders,SELECT amount FROM orders;
List all name from students,SELECT name FROM students;
Find minimum city in customers,SELECT MIN(city) FROM customers;
Find average category in products,SELECT AVG(category) FROM products;
Find maximum id in students,SELECT MAX(id) FROM students;
List all age from employees,SELECT age FROM employees;
Count all rows in students,SELECT COUNT(*) FROM students;
Find maximum stock in products,SELECT MAX(stock) FROM products;
Find minimum amount in orders,SELECT MIN(amount) FROM orders;
Show age from customers where membership < 20,SELECT age FROM customers WHERE membership < 20;
Find maximum salary in employees,SELECT MAX(salary) FROM employees;
Find average department in students,SELECT AVG(department) FROM students;
Find minimum name in customers,SELECT MIN(name) FROM customers;
Show all employees ordered by name,SELECT * FROM employees ORDER BY name;
Count all rows in products,SELECT COUNT(*) FROM products;
Find average salary in employees,SELECT AVG(salary) FROM employees;
Show category from products where name = 70,SELECT category FROM products WHERE name = 70;
Find minimum price in products,SELECT MIN(price) FROM products;
Show all orders ordered by customer_id,SELECT * FROM orders ORDER BY customer_id;
List all order_id from orders,SELECT order_id FROM orders;
Show order_id from orders where order_id <= 20,SELECT order_id FROM orders WHERE order_id <= 20;
Find maximum id in students,SELECT MAX(id) FROM students;
Find maximum customer_id in orders,SELECT MAX(customer_id) FROM orders;
Show all customers ordered by customer_id,SELECT * FROM customers ORDER BY customer_id;
Show department from employees where id >= 50,SELECT department FROM employees WHERE id >= 50;
Show all orders,SELECT * FROM orders;
Find all records in employees where department = 20,SELECT * FROM employees WHERE department = 20;
Find minimum id in students,SELECT MIN(id) FROM students;
Find average age in students,SELECT AVG(age) FROM students;
Show salary from employees where salary = 90,SELECT salary FROM employees WHERE salary = 90;
Count all rows in customers,SELECT COUNT(*) FROM customers;
Show all students,SELECT * FROM students;
Find minimum name in products,SELECT MIN(name) FROM products;
Count all rows in customers,SELECT COUNT(*) FROM customers;
Count all rows in customers,SELECT COUNT(*) FROM customers;
Show order_id from orders where status >= 100,SELECT order_id FROM orders WHERE status >= 100;
Find all records in customers where membership = 20,SELECT * FROM customers WHERE membership = 20;
Find minimum category in products,SELECT MIN(category) FROM products;
Show all employees,SELECT * FROM employees;
Show all students,SELECT * FROM students;
Show category from products where price <= 50,SELECT category FROM products WHERE price <= 50;
Find minimum department in students,SELECT MIN(department) FROM students;
Show salary from employees where id <= 40,SELECT salary FROM employees WHERE id <= 40;
Find minimum id in students,SELECT MIN(id) FROM students;
Find average age in customers,SELECT AVG(age) FROM customers;
Show id from students where name > 20,SELECT id FROM students WHERE name > 20;
Find average salary in employees,SELECT AVG(salary) FROM employees;
Count all rows in products,SELECT COUNT(*) FROM products;
Show name from employees where name < 50,SELECT name FROM employees WHERE name < 50;
Show all employees ordered by salary,SELECT * FROM employees ORDER BY salary;
Find minimum product_id in products,SELECT MIN(product_id) FROM products;
Show all students ordered by age,SELECT * FROM students ORDER BY age;
Find maximum age in employees,SELECT MAX(age) FROM employees;
Count all rows in customers,SELECT COUNT(*) FROM customers;
List all name from students,SELECT name FROM students;
Show all orders,SELECT * FROM orders;
Count all rows in students,SELECT COUNT(*) FROM students;
Find all records in products where product_id = 40,SELECT * FROM products WHERE product_id = 40;
Show age from customers where membership <= 30,SELECT age FROM customers WHERE membership <= 30;
Find maximum date in orders,SELECT MAX(date) FROM orders;
Find average name in customers,SELECT AVG(name) FROM customers;
Show amount from orders where status < 30,SELECT amount FROM orders WHERE status < 30;
Count all rows in products,SELECT COUNT(*) FROM products;
Show all orders,SELECT * FROM orders;
Show all products ordered by category,SELECT * FROM products ORDER BY category;
Find maximum salary in employees,SELECT MAX(salary) FROM employees;
Show all customers,SELECT * FROM customers;
Find all records in products where stock >= 40,SELECT * FROM products WHERE stock >= 40;
Find maximum age in employees,SELECT MAX(age) FROM employees;
Count all rows in products,SELECT COUNT(*) FROM products;
Find average age in employees,SELECT AVG(age) FROM employees;
Find average department in students,SELECT AVG(department) FROM students;
Show all students,SELECT * FROM students;
Find minimum age in students,SELECT MIN(age) FROM students;
Show all employees,SELECT * FROM employees;
List all category from products,SELECT category FROM products;
Find maximum stock in products,SELECT MAX(stock) FROM products;
Find average department in students,SELECT AVG(department) FROM students;
Find maximum age in students,SELECT MAX(age) FROM students;
Find average salary in employees,SELECT AVG(salary) FROM employees;
Show all orders,SELECT * FROM orders;
Show all products,SELECT * FROM products;
Find minimum stock in products,SELECT MIN(stock) FROM products;
Find minimum age in customers,SELECT MIN(age) FROM customers;
Show all customers,SELECT * FROM customers;
Find all records in employees where id < 80,SELECT * FROM employees WHERE id < 80;
Show all products ordered by stock,SELECT * FROM products ORDER BY stock;
Find all records in employees where age > 80,SELECT * FROM employees WHERE age > 80;
Find average date in orders,SELECT AVG(date) FROM orders;
Show stock from products where name < 60,SELECT stock FROM products WHERE name < 60;
Show all products ordered by price,SELECT * FROM products ORDER BY price;
Show all products ordered by price,SELECT * FROM products ORDER BY price;
Find average name in customers,SELECT AVG(name) FROM customers;
Show all students ordered by marks,SELECT * FROM students ORDER BY marks;
Count all rows in customers,SELECT COUNT(*) FROM customers;
Count all rows in orders,SELECT COUNT(*) FROM orders;
Find minimum age in customers,SELECT MIN(age) FROM customers;
Show all products,SELECT * FROM products;
Find all records in students where age >= 50,SELECT * FROM students WHERE age >= 50;
Find average customer_id in customers,SELECT AVG(customer_id) FROM customers;
List all date from orders,SELECT date FROM orders;
Show all students ordered by marks,SELECT * FROM students ORDER BY marks;
Count all rows in products,SELECT COUNT(*) FROM products;
Find average customer_id in orders,SELECT AVG(customer_id) FROM orders;
Find minimum name in employees,SELECT MIN(name) FROM employees;
Count all rows in customers,SELECT COUNT(*) FROM customers;
Find all records in employees where salary <= 10,SELECT * FROM employees WHERE salary <= 10;
Find all records in orders where order_id = 60,SELECT * FROM orders WHERE order_id = 60;
List all amount from orders,SELECT amount FROM orders;
Find average name in students,SELECT AVG(name) FROM students;
Find maximum order_id in orders,SELECT MAX(order_id) FROM orders;
List all name from customers,SELECT name FROM customers;
Show salary from employees where salary >= 90,SELECT salary FROM employees WHERE salary >= 90;
Show all orders,SELECT * FROM orders;
Count all rows in products,SELECT COUNT(*) FROM products;
Show category from products where product_id >= 70,SELECT category FROM products WHERE product_id >= 70;
Count all rows in orders,SELECT COUNT(*) FROM orders;
Show all students,SELECT * FROM students;
Show all customers ordered by name,SELECT * FROM customers ORDER BY name;
Find all records in orders where amount > 80,SELECT * FROM orders WHERE amount > 80;
Show all orders ordered by order_id,SELECT * FROM orders ORDER BY order_id;
Count all rows in orders,SELECT COUNT(*) FROM orders;
Find average stock in products,SELECT AVG(stock) FROM products;
Show all students ordered by age,SELECT * FROM students ORDER BY age;
List all age from customers,SELECT age FROM customers;
Show all orders,SELECT * FROM orders;
Find all records in employees where age <= 70,SELECT * FROM employees WHERE age <= 70;
List all city from customers,SELECT city FROM customers;
Find average price in products,SELECT AVG(price) FROM products;
Show age from employees where name < 20,SELECT age FROM employees WHERE name < 20;
Show all products ordered by stock,SELECT * FROM products ORDER BY stock;
Count all rows in orders,SELECT COUNT(*) FROM orders;
List all id from students,SELECT id FROM students;
Find all records in students where name < 80,SELECT * FROM students WHERE name < 80;
Find minimum amount in orders,SELECT MIN(amount) FROM orders;
Show all orders ordered by customer_id,SELECT * FROM orders ORDER BY customer_id;
Find minimum order_id in orders,SELECT MIN(order_id) FROM orders;
Count all rows in employees,SELECT COUNT(*) FROM employees;
Count all rows in students,SELECT COUNT(*) FROM students;
Show name from products where name < 20,SELECT name FROM products WHERE name < 20;
Show all employees ordered by name,SELECT * FROM employees ORDER BY name;
Find minimum date in orders,SELECT MIN(date) FROM orders;
Find average age in customers,SELECT AVG(age) FROM customers;
Find all records in products where price <= 40,SELECT * FROM products WHERE price <= 40;
Count all rows in products,SELECT COUNT(*) FROM products;
Show all orders ordered by order_id,SELECT * FROM orders ORDER BY order_id;
Find average name in products,SELECT AVG(name) FROM products;
Show department from employees where salary < 100,SELECT department FROM employees WHERE salary < 100;
List all membership from customers,SELECT membership FROM customers;
Find minimum name in products,SELECT MIN(name) FROM products;
Find all records in customers where customer_id >= 40,SELECT * FROM customers WHERE customer_id >= 40;
Find all records in students where name >= 80,SELECT * FROM students WHERE name >= 80;
Find all records in customers where customer_id >= 70,SELECT * FROM customers WHERE customer_id >= 70;
Find minimum name in products,SELECT MIN(name) FROM products;
Find average department in employees,SELECT AVG(department) FROM employees;
Find minimum customer_id in orders,SELECT MIN(customer_id) FROM orders;
Find minimum date in orders,SELECT MIN(date) FROM orders;
Find all records in products where price < 80,SELECT * FROM products WHERE price < 80;
Count all rows in employees,SELECT COUNT(*) FROM employees;
Show all students ordered by age,SELECT * FROM students ORDER BY age;
Find maximum id in employees,SELECT MAX(id) FROM employees;
Count all rows in students,SELECT COUNT(*) FROM students;
Show all products ordered by stock,SELECT * FROM products ORDER BY stock;
Count all rows in employees,SELECT COUNT(*) FROM employees;
Show stock from products where category = 70,SELECT stock FROM products WHERE category = 70;
Find minimum name in products,SELECT MIN(name) FROM products;
Show all orders,SELECT * FROM orders;
List all id from employees,SELECT id FROM employees;
Count all rows in customers,SELECT COUNT(*) FROM customers;
Find maximum name in employees,SELECT MAX(name) FROM employees;
Find average order_id in orders,SELECT AVG(order_id) FROM orders;
List all category from products,SELECT category FROM products;
Find all records in students where department > 50,SELECT * FROM students WHERE department > 50;
Find average marks in students,SELECT AVG(marks) FROM students;
Find maximum order_id in orders,SELECT MAX(order_id) FROM orders;
Find minimum marks in students,SELECT MIN(marks) FROM students;
Count all rows in employees,SELECT COUNT(*) FROM employees;
Find minimum name in students,SELECT MIN(name) FROM students;
Show all orders,SELECT * FROM orders;
Count all rows in students,SELECT COUNT(*) FROM students;
Find minimum price in products,SELECT MIN(price) FROM products;
Find average age in students,SELECT AVG(age) FROM students;
Show all products,SELECT * FROM products;
Show all orders,SELECT * FROM orders;
Show all employees ordered by name,SELECT * FROM employees ORDER BY name;
Show all orders,SELECT * FROM orders;
Show all orders ordered by order_id,SELECT * FROM orders ORDER BY order_id;
Show all students,SELECT * FROM students;
List all id from students,SELECT id FROM students;
Find average age in employees,SELECT AVG(age) FROM employees;
Count all rows in employees,SELECT COUNT(*) FROM employees;
Find average amount in orders,SELECT AVG(amount) FROM orders;
Count all rows in customers,SELECT COUNT(*) FROM customers;
Find average age in customers,SELECT AVG(age) FROM customers;
Find average marks in students,SELECT AVG(marks) FROM students;
Show age from students where name < 100,SELECT age FROM students WHERE name < 100;
Find average category in products,SELECT AVG(category) FROM products;
Find all records in employees where age = 70,SELECT * FROM employees WHERE age = 70;
Find all records in orders where order_id > 20,SELECT * FROM orders WHERE order_id > 20;
Find average age in employees,SELECT AVG(age) FROM employees;
List all name from employees,SELECT name FROM employees;
Find maximum name in students,SELECT MAX(name) FROM students;
List all department from students,SELECT department FROM students;
Find all records in customers where membership <= 70,SELECT * FROM customers WHERE membership <= 70;
Find maximum price in products,SELECT MAX(price) FROM products;
Show name from students where id <= 10,SELECT name FROM students WHERE id <= 10;
Find minimum product_id in products,SELECT MIN(product_id) FROM products;
Find average price in products,SELECT AVG(price) FROM products;
Find minimum name in products,SELECT MIN(name) FROM products;
Find average price in products,SELECT AVG(price) FROM products;
Find maximum marks in students,SELECT MAX(marks) FROM students;
Find all records in customers where city > 70,SELECT * FROM customers WHERE city > 70;
Find all records in products where product_id <= 20,SELECT * FROM products WHERE product_id <= 20;
Find minimum id in students,SELECT MIN(id) FROM students;
Find minimum age in customers,SELECT MIN(age) FROM customers;
Find average name in students,SELECT AVG(name) FROM students;
Show all orders ordered by date,SELECT * FROM orders ORDER BY date;
Find all records in students where department >= 70,SELECT * FROM students WHERE department >= 70;
Show all employees,SELECT * FROM employees;
Find average salary in employees,SELECT AVG(salary) FROM employees;
Show age from customers where membership >= 10,SELECT age FROM customers WHERE membership >= 10;
Find minimum city in customers,SELECT MIN(city) FROM customers;
Find maximum name in employees,SELECT MAX(name) FROM employees;
Count all rows in orders,SELECT COUNT(*) FROM orders;
Count all rows in employees,SELECT COUNT(*) FROM employees;
Find minimum stock in products,SELECT MIN(stock) FROM products;
Count all rows in students,SELECT COUNT(*) FROM students;
Find all records in orders where status = 10,SELECT * FROM orders WHERE status = 10;
Count all rows in customers,SELECT COUNT(*) FROM customers;
Show all employees,SELECT * FROM employees;
Find maximum name in students,SELECT MAX(name) FROM students;
Find maximum id in employees,SELECT MAX(id) FROM employees;
Show all customers,SELECT * FROM customers;
Find minimum id in employees,SELECT MIN(id) FROM employees;
Count all rows in students,SELECT COUNT(*) FROM students;
Show all products ordered by price,SELECT * FROM products ORDER BY price;
List all age from students,SELECT age FROM students;
Show name from customers where age > 40,SELECT name FROM customers WHERE age > 40;
Count all rows in students,SELECT COUNT(*) FROM students;
Count all rows in employees,SELECT COUNT(*) FROM employees;
Show customer_id from orders where order_id <= 40,SELECT customer_id FROM orders WHERE order_id <= 40;
List all age from customers,SELECT age FROM customers;
Find minimum name in employees,SELECT MIN(name) FROM employees;
Count all rows in customers,SELECT COUNT(*) FROM customers;
Show all employees,SELECT * FROM employees;
Find maximum category in products,SELECT MAX(category) FROM products;
Show all employees,SELECT * FROM employees;
Show age from employees where department > 60,SELECT age FROM employees WHERE department > 60;
Count all rows in students,SELECT COUNT(*) FROM students;
Show all customers,SELECT * FROM customers;
Show name from products where price >= 100,SELECT name FROM products WHERE price >= 100;
Find minimum name in customers,SELECT MIN(name) FROM customers;
Find average name in students,SELECT AVG(name) FROM students;
Show membership from customers where age = 50,SELECT membership FROM customers WHERE age = 50;
Count all rows in products,SELECT COUNT(*) FROM products;
Find minimum name in products,SELECT MIN(name) FROM products;
List all customer_id from customers,SELECT customer_id FROM customers;
Show all products,SELECT * FROM products;
Find maximum name in customers,SELECT MAX(name) FROM customers;
Show order_id from orders where amount > 40,SELECT order_id FROM orders WHERE amount > 40;
Show all customers,SELECT * FROM customers;
Find minimum id in employees,SELECT MIN(id) FROM employees;
Find maximum marks in students,SELECT MAX(marks) FROM students;
Show all products,SELECT * FROM products;
Show order_id from orders where status <= 30,SELECT order_id FROM orders WHERE status <= 30;
Find all records in students where marks > 50,SELECT * FROM students WHERE marks > 50;
Find maximum name in students,SELECT MAX(name) FROM students;
Show name from students where id <= 20,SELECT name FROM students WHERE id <= 20;
Count all rows in orders,SELECT COUNT(*) FROM orders;
Find maximum age in employees,SELECT MAX(age) FROM employees;
Count all rows in employees,SELECT COUNT(*) FROM employees;
Show all students ordered by name,SELECT * FROM students ORDER BY name;
Show all students,SELECT * FROM students;
Find all records in customers where city = 20,SELECT * FROM customers WHERE city = 20;
Count all rows in products,SELECT COUNT(*) FROM products;
Show price from products where name = 30,SELECT price FROM products WHERE name = 30;
List all city from customers,SELECT city FROM customers;
Find minimum city in customers,SELECT MIN(city) FROM customers;
Show all students ordered by name,SELECT * FROM students ORDER BY name;
Show all employees,SELECT * FROM employees;
Count all rows in employees,SELECT COUNT(*) FROM employees;
Show name from students where id > 80,SELECT name FROM students WHERE id > 80;
List all name from employees,SELECT name FROM employees;
Show city from customers where age = 70,SELECT city FROM customers WHERE age = 70;
Find average name in products,SELECT AVG(name) FROM products;
Find all records in employees where department > 10,SELECT * FROM employees WHERE department > 10;
Find maximum name in products,SELECT MAX(name) FROM products;
List all price from products,SELECT price FROM products;
Show customer_id from customers where name < 10,SELECT customer_id FROM customers WHERE name < 10;
Show all orders ordered by amount,SELECT * FROM orders ORDER BY amount;
Show age from students where id > 90,SELECT age FROM students WHERE id > 90;
Show all products,SELECT * FROM products;
Show all employees,SELECT * FROM employees;
Show all employees,SELECT * FROM employees;
Find all records in orders where status > 70,SELECT * FROM orders WHERE status > 70;
Find maximum department in employees,SELECT MAX(department) FROM employees;
Show membership from customers where age < 90,SELECT membership FROM customers WHERE age < 90;
Count all rows in employees,SELECT COUNT(*) FROM employees;
Show all products,SELECT * FROM products;
List all amount from orders,SELECT amount FROM orders;
Find all records in orders where amount <= 90,SELECT * FROM orders WHERE amount <= 90;
Find average name in customers,SELECT AVG(name) FROM customers;
Find minimum price in products,SELECT MIN(price) FROM products;
Find minimum price in products,SELECT MIN(price) FROM products;
Show all customers ordered by name,SELECT * FROM customers ORDER BY name;
List all amount from orders,SELECT amount FROM orders;
Find minimum status in orders,SELECT MIN(status) FROM orders;
Show all products ordered by price,SELECT * FROM products ORDER BY price;
Find average category in products,SELECT AVG(category) FROM products;
Find minimum name in students,SELECT MIN(name) FROM students;
Find minimum category in products,SELECT MIN(category) FROM products;
Find minimum marks in students,SELECT MIN(marks) FROM students;
Find average name in employees,SELECT AVG(name) FROM employees;
Count all rows in students,SELECT COUNT(*) FROM students;
Find minimum customer_id in orders,SELECT MIN(customer_id) FROM orders;
Find average customer_id in orders,SELECT AVG(customer_id) FROM orders;
Show name from employees where id < 80,SELECT name FROM employees WHERE id < 80;
Find all records in employees where name = 30,SELECT * FROM employees WHERE name = 30;
Show all customers ordered by age,SELECT * FROM customers ORDER BY age;
Show all products,SELECT * FROM products;
List all name from students,SELECT name FROM students;
Find minimum city in customers,SELECT MIN(city) FROM customers;
Show city from customers where name <= 50,SELECT city FROM customers WHERE name <= 50;
Find maximum id in employees,SELECT MAX(id) FROM employees;
Show all customers,SELECT * FROM customers;
Find average stock in products,SELECT AVG(stock) FROM products;
Show all products,SELECT * FROM products;
Find all records in employees where salary <= 20,SELECT * FROM employees WHERE salary <= 20;
Find average membership in customers,SELECT AVG(membership) FROM customers;
Find maximum department in employees,SELECT MAX(department) FROM employees;
Find average id in employees,SELECT AVG(id) FROM employees;
Find minimum name in students,SELECT MIN(name) FROM students;
List all customer_id from orders,SELECT customer_id FROM orders;
Show membership from customers where city = 60,SELECT membership FROM customers WHERE city = 60;
Find maximum age in students,SELECT MAX(age) FROM students;
List all membership from customers,SELECT membership FROM customers;
Show all employees,SELECT * FROM employees;
Find average department in students,SELECT AVG(department) FROM students;
Show all students ordered by name,SELECT * FROM students ORDER BY name;
Count all rows in products,SELECT COUNT(*) FROM products;
Find average name in employees,SELECT AVG(name) FROM employees;
Count all rows in employees,SELECT COUNT(*) FROM employees;
Show all customers ordered by customer_id,SELECT * FROM customers ORDER BY customer_id;
Find average status in orders,SELECT AVG(status) FROM orders;
Find maximum city in customers,SELECT MAX(city) FROM customers;
Find all records in employees where department > 90,SELECT * FROM employees WHERE department > 90;
Count all rows in products,SELECT COUNT(*) FROM products;
Find minimum date in orders,SELECT MIN(date) FROM orders;
List all marks from students,SELECT marks FROM students;
Find maximum department in employees,SELECT MAX(department) FROM employees;
Find all records in employees where department < 10,SELECT * FROM employees WHERE department < 10;
Find minimum marks in students,SELECT MIN(marks) FROM students;
Show id from employees where id < 30,SELECT id FROM employees WHERE id < 30;
Show stock from products where stock <= 60,SELECT stock FROM products WHERE stock <= 60;
Find maximum name in students,SELECT MAX(name) FROM students;
List all city from customers,SELECT city FROM customers;
Count all rows in customers,SELECT COUNT(*) FROM customers;
Show product_id from products where product_id <= 30,SELECT product_id FROM products WHERE product_id <= 30;
Show all orders ordered by status,SELECT * FROM orders ORDER BY status;
Find maximum age in employees,SELECT MAX(age) FROM employees;
Find minimum customer_id in orders,SELECT MIN(customer_id) FROM orders;
Find minimum date in orders,SELECT MIN(date) FROM orders;
List all date from orders,SELECT date FROM orders;
Count all rows in products,SELECT COUNT(*) FROM products;
Find maximum date in orders,SELECT MAX(date) FROM orders;
Find all records in employees where name < 100,SELECT * FROM employees WHERE name < 100;
Count all rows in orders,SELECT COUNT(*) FROM orders;
Find all records in products where price > 10,SELECT * FROM products WHERE price > 10;
Show all customers,SELECT * FROM customers;
Find average amount in orders,SELECT AVG(amount) FROM orders;
Count all rows in orders,SELECT COUNT(*) FROM orders;
Show all products,SELECT * FROM products;
Show all customers ordered by name,SELECT * FROM customers ORDER BY name;
Count all rows in products,SELECT COUNT(*) FROM products;
Find all records in customers where name >= 40,SELECT * FROM customers WHERE name >= 40;
Show membership from customers where name <= 80,SELECT membership FROM customers WHERE name <= 80;
Show all customers,SELECT * FROM customers;
Find all records in students where marks <= 70,SELECT * FROM students WHERE marks <= 70;
Find minimum membership in customers,SELECT MIN(membership) FROM customers;
Find minimum price in products,SELECT MIN(price) FROM products;
List all marks from students,SELECT marks FROM students;
Show all orders,SELECT * FROM orders;
Show customer_id from customers where city >= 20,SELECT customer_id FROM customers WHERE city >= 20;
Find average status in orders,SELECT AVG(status) FROM orders;
Find maximum department in students,SELECT MAX(department) FROM students;
Find maximum product_id in products,SELECT MAX(product_id) FROM products;
Find average id in students,SELECT AVG(id) FROM students;
Find minimum marks in students,SELECT MIN(marks) FROM students;
List all salary from employees,SELECT salary FROM employees;
Show all employees ordered by department,SELECT * FROM employees ORDER BY department;
Show status from orders where order_id <= 20,SELECT status FROM orders WHERE order_id <= 20;
Show all products ordered by category,SELECT * FROM products ORDER BY category;
Find maximum date in orders,SELECT MAX(date) FROM orders;
Find average age in students,SELECT AVG(age) FROM students;
Count all rows in employees,SELECT COUNT(*) FROM employees;
List all name from customers,SELECT name FROM customers;
Find maximum order_id in orders,SELECT MAX(order_id) FROM orders;
Find all records in employees where name <= 20,SELECT * FROM employees WHERE name <= 20;
Find maximum product_id in products,SELECT MAX(product_id) FROM products;
Show id from employees where id <= 50,SELECT id FROM employees WHERE id <= 50;
List all amount from orders,SELECT amount FROM orders;
Find all records in employees where id < 90,SELECT * FROM employees WHERE id < 90;
Find maximum name in employees,SELECT MAX(name) FROM employees;
Count all rows in orders,SELECT COUNT(*) FROM orders;
Find average price in products,SELECT AVG(price) FROM products;
Find average department in employees,SELECT AVG(department) FROM employees;
Show customer_id from customers where age <= 40,SELECT customer_id FROM customers WHERE age <= 40;
Count all rows in employees,SELECT COUNT(*) FROM employees;
Find average salary in employees,SELECT AVG(salary) FROM employees;
Show all products,SELECT * FROM products;
Find average stock in products,SELECT AVG(stock) FROM products;
Show all customers ordered by name,SELECT * FROM customers ORDER BY name;
Find minimum department in employees,SELECT MIN(department) FROM employees;
Find maximum order_id in orders,SELECT MAX(order_id) FROM orders;
Find average city in customers,SELECT AVG(city) FROM customers;
Find maximum customer_id in orders,SELECT MAX(customer_id) FROM orders;
Find minimum status in orders,SELECT MIN(status) FROM orders;
Show all employees ordered by id,SELECT * FROM employees ORDER BY id;
Show product_id from products where price <= 20,SELECT product_id FROM products WHERE price <= 20;
Find minimum customer_id in orders,SELECT MIN(customer_id) FROM orders;
Find maximum department in students,SELECT MAX(department) FROM students;
List all age from customers,SELECT age FROM customers;
Find maximum price in products,SELECT MAX(price) FROM products;
List all department from employees,SELECT department FROM employees;
Count all rows in customers,SELECT COUNT(*) FROM customers;
Show all orders ordered by customer_id,SELECT * FROM orders ORDER BY customer_id;
Find maximum price in products,SELECT MAX(price) FROM products;
Find minimum name in students,SELECT MIN(name) FROM students;
Show all employees ordered by salary,SELECT * FROM employees ORDER BY salary;
List all stock from products,SELECT stock FROM products;
Show all customers ordered by membership,SELECT * FROM customers ORDER BY membership;
List all date from orders,SELECT date FROM orders;
Show salary from employees where salary = 20,SELECT salary FROM employees WHERE salary = 20;
Find all records in employees where age >= 80,SELECT * FROM employees WHERE age >= 80;
Count all rows in employees,SELECT COUNT(*) FROM employees;
Find maximum category in products,SELECT MAX(category) FROM products;
List all city from customers,SELECT city FROM customers;
List all date from orders,SELECT date FROM orders;
Count all rows in students,SELECT COUNT(*) FROM students;
Count all rows in products,SELECT COUNT(*) FROM products;
Count all rows in employees,SELECT COUNT(*) FROM employees;
List all date from orders,SELECT date FROM orders;
Show name from employees where department > 100,SELECT name FROM employees WHERE department > 100;
Find all records in orders where status <= 20,SELECT * FROM orders WHERE status <= 20;
Find minimum department in students,SELECT MIN(department) FROM students;
Count all rows in employees,SELECT COUNT(*) FROM employees;
Show all students,SELECT * FROM students;
Find minimum product_id in products,SELECT MIN(product_id) FROM products;
Find all records in orders where status = 40,SELECT * FROM orders WHERE status = 40;
Find minimum product_id in products,SELECT MIN(product_id) FROM products;
Count all rows in employees,SELECT COUNT(*) FROM employees;
Find all records in products where stock >= 100,SELECT * FROM products WHERE stock >= 100;
List all amount from orders,SELECT amount FROM orders;
Show all orders ordered by amount,SELECT * FROM orders ORDER BY amount;
Show all employees ordered by id,SELECT * FROM employees ORDER BY id;
List all department from students,SELECT department FROM students;
Show all orders ordered by amount,SELECT * FROM orders ORDER BY amount;
Show all orders ordered by date,SELECT * FROM orders ORDER BY date;
Find all records in customers where name = 20,SELECT * FROM customers WHERE name = 20;
Find minimum order_id in orders,SELECT MIN(order_id) FROM orders;
Find all records in customers where city > 70,SELECT * FROM customers WHERE city > 70;
Show all products,SELECT * FROM products;
Find average customer_id in orders,SELECT AVG(customer_id) FROM orders;
Count all rows in orders,SELECT COUNT(*) FROM orders;
Find maximum salary in employees,SELECT MAX(salary) FROM employees;
Show all products ordered by name,SELECT * FROM products ORDER BY name;
Count all rows in employees,SELECT COUNT(*) FROM employees;
Show all employees,SELECT * FROM employees;
Show all students,SELECT * FROM students;
Show all products ordered by price,SELECT * FROM products ORDER BY price;
Find maximum name in employees,SELECT MAX(name) FROM employees;
Show all products ordered by price,SELECT * FROM products ORDER BY price;
Find maximum age in customers,SELECT MAX(age) FROM customers;
Find maximum age in students,SELECT MAX(age) FROM students;
Find minimum stock in products,SELECT MIN(stock) FROM products;
Find minimum customer_id in orders,SELECT MIN(customer_id) FROM orders;
List all name from products,SELECT name FROM products;
Show membership from customers where age > 10,SELECT membership FROM customers WHERE age > 10;
Show all employees ordered by department,SELECT * FROM employees ORDER BY department;
Count all rows in customers,SELECT COUNT(*) FROM customers;
Find all records in employees where salary > 50,SELECT * FROM employees WHERE salary > 50;
Find average department in students,SELECT AVG(department) FROM students;
Count all rows in products,SELECT COUNT(*) FROM products;
Find maximum price in products,SELECT MAX(price) FROM products;
Find maximum age in customers,SELECT MAX(age) FROM customers;
Find average order_id in orders,SELECT AVG(order_id) FROM orders;
Find maximum name in products,SELECT MAX(name) FROM products;
Find maximum salary in employees,SELECT MAX(salary) FROM employees;
Show all orders,SELECT * FROM orders;
Show all employees,SELECT * FROM employees;
Show all orders ordered by status,SELECT * FROM orders ORDER BY status;
Find average city in customers,SELECT AVG(city) FROM customers;
Find minimum product_id in products,SELECT MIN(product_id) FROM products;
Show all orders,SELECT * FROM orders;
Count all rows in orders,SELECT COUNT(*) FROM orders;
Find minimum product_id in products,SELECT MIN(product_id) FROM products;
List all name from products,SELECT name FROM products;
Find average id in students,SELECT AVG(id) FROM students;
Find average id in employees,SELECT AVG(id) FROM employees;
Show all employees,SELECT * FROM employees;
Show all employees,SELECT * FROM employees;
Show all students,SELECT * FROM students;
Count all rows in students,SELECT COUNT(*) FROM students;
Find minimum status in orders,SELECT MIN(status) FROM orders;
Count all rows in products,SELECT COUNT(*) FROM products;
Find all records in customers where city = 70,SELECT * FROM customers WHERE city = 70;
Show all products,SELECT * FROM products;
Show all employees ordered by id,SELECT * FROM employees ORDER BY id;
Count all rows in products,SELECT COUNT(*) FROM products;
Find maximum membership in customers,SELECT MAX(membership) FROM customers;
Show all customers ordered by age,SELECT * FROM customers ORDER BY age;
Find maximum status in orders,SELECT MAX(status) FROM orders;
Show all employees ordered by name,SELECT * FROM employees ORDER BY name;
Find all records in customers where age = 80,SELECT * FROM customers WHERE age = 80;
Find average status in orders,SELECT AVG(status) FROM orders;
Find minimum age in students,SELECT MIN(age) FROM students;
Count all rows in products,SELECT COUNT(*) FROM products;
Find average status in orders,SELECT AVG(status) FROM orders;
Find maximum customer_id in customers,SELECT MAX(customer_id) FROM customers;
Find average marks in students,SELECT AVG(marks) FROM students;
Find all records in students where department = 100,SELECT * FROM students WHERE department = 100;
Count all rows in students,SELECT COUNT(*) FROM students;
Find minimum salary in employees,SELECT MIN(salary) FROM employees;
Find maximum status in orders,SELECT MAX(status) FROM orders;
Show all products,SELECT * FROM products;
Show all employees,SELECT * FROM employees;
Show all customers,SELECT * FROM customers;
Find all records in customers where age < 50,SELECT * FROM customers WHERE age < 50;
Find minimum id in employees,SELECT MIN(id) FROM employees;
Show age from students where id <= 20,SELECT age FROM students WHERE id <= 20;
Show name from students where marks < 100,SELECT name FROM students WHERE marks < 100;
Count all rows in employees,SELECT COUNT(*) FROM employees;
List all customer_id from customers,SELECT customer_id FROM customers;
Find maximum city in customers,SELECT MAX(city) FROM customers;
Find maximum id in employees,SELECT MAX(id) FROM employees;
Find minimum stock in products,SELECT MIN(stock) FROM products;
Find all records in products where price >= 30,SELECT * FROM products WHERE price >= 30;
Count all rows in customers,SELECT COUNT(*) FROM customers;
Find minimum name in customers,SELECT MIN(name) FROM customers;
Show name from customers where membership > 60,SELECT name FROM customers WHERE membership > 60;
Find all records in customers where membership > 60,SELECT * FROM customers WHERE membership > 60;
Show salary from employees where salary > 50,SELECT salary FROM employees WHERE salary > 50;
Find maximum price in products,SELECT MAX(price) FROM products;
Show all employees,SELECT * FROM employees;
Show department from employees where department < 100,SELECT department FROM employees WHERE department < 100;
Show all orders,SELECT * FROM orders;
Find average city in customers,SELECT AVG(city) FROM customers;
Count all rows in orders,SELECT COUNT(*) FROM orders;
Find average customer_id in customers,SELECT AVG(customer_id) FROM customers;
Count all rows in customers,SELECT COUNT(*) FROM customers;
List all customer_id from customers,SELECT customer_id FROM customers;
Show all customers ordered by age,SELECT * FROM customers ORDER BY age;
Show all customers,SELECT * FROM customers;
Show all customers ordered by city,SELECT * FROM customers ORDER BY city;
Find minimum stock in products,SELECT MIN(stock) FROM products;
Find maximum category in products,SELECT MAX(category) FROM products;
Find average age in customers,SELECT AVG(age) FROM customers;
Show department from employees where age = 10,SELECT department FROM employees WHERE age = 10;
Show all employees,SELECT * FROM employees;
List all id from students,SELECT id FROM students;
List all age from students,SELECT age FROM students;
Count all rows in students,SELECT COUNT(*) FROM students;
Find average customer_id in customers,SELECT AVG(customer_id) FROM customers;
Find all records in students where name >= 90,SELECT * FROM students WHERE name >= 90;
Show all students ordered by department,SELECT * FROM students ORDER BY department;
List all customer_id from customers,SELECT customer_id FROM customers;
Find maximum city in customers,SELECT MAX(city) FROM customers;
Show all products ordered by product_id,SELECT * FROM products ORDER BY product_id;
Count all rows in employees,SELECT COUNT(*) FROM employees;
Count all rows in orders,SELECT COUNT(*) FROM orders;
Show marks from students where id > 100,SELECT marks FROM students WHERE id > 100;
Find minimum amount in orders,SELECT MIN(amount) FROM orders;
Show all products,SELECT * FROM products;
List all membership from customers,SELECT membership FROM customers;
Show all students,SELECT * FROM students;
Find minimum customer_id in orders,SELECT MIN(customer_id) FROM orders;
Show name from employees where name = 50,SELECT name FROM employees WHERE name = 50;
Count all rows in customers,SELECT COUNT(*) FROM customers;
List all stock from products,SELECT stock FROM products;
List all category from products,SELECT category FROM products;
Find average name in customers,SELECT AVG(name) FROM customers;
Find maximum department in employees,SELECT MAX(department) FROM employees;
Find all records in orders where status <= 100,SELECT * FROM orders WHERE status <= 100;
Count all rows in students,SELECT COUNT(*) FROM students;
Find maximum city in customers,SELECT MAX(city) FROM customers;
List all name from customers,SELECT name FROM customers;
Show all products ordered by product_id,SELECT * FROM products ORDER BY product_id;
Show all products,SELECT * FROM products;
Show all students ordered by marks,SELECT * FROM students ORDER BY marks;
Find all records in employees where age > 10,SELECT * FROM employees WHERE age > 10;
List all amount from orders,SELECT amount FROM orders;
Find all records in students where id > 10,SELECT * FROM students WHERE id > 10;
Find average department in employees,SELECT AVG(department) FROM employees;
Find all records in customers where membership >= 100,SELECT * FROM customers WHERE membership >= 100;
Show all orders ordered by amount,SELECT * FROM orders ORDER BY amount;
Show all orders,SELECT * FROM orders;
Count all rows in students,SELECT COUNT(*) FROM students;
Find all records in products where price >= 80,SELECT * FROM products WHERE price >= 80;
Show all employees ordered by department,SELECT * FROM employees ORDER BY department;
Show all customers,SELECT * FROM customers;
Find average name in customers,SELECT AVG(name) FROM customers;
Find average name in employees,SELECT AVG(name) FROM employees;
Show all employees,SELECT * FROM employees;
Find maximum stock in products,SELECT MAX(stock) FROM products;
Find all records in orders where status > 50,SELECT * FROM orders WHERE status > 50;
Show all customers ordered by customer_id,SELECT * FROM customers ORDER BY customer_id;
Find maximum membership in customers,SELECT MAX(membership) FROM customers;
Show salary from employees where department >= 90,SELECT salary FROM employees WHERE department >= 90;
List all salary from employees,SELECT salary FROM employees;
Find minimum name in customers,SELECT MIN(name) FROM customers;
Find all records in students where department = 30,SELECT * FROM students WHERE department = 30;
Show id from students where department <= 70,SELECT id FROM students WHERE department <= 70;
Show all products,SELECT * FROM products;
Find average date in orders,SELECT AVG(date) FROM orders;
Show order_id from orders where order_id <= 40,SELECT order_id FROM orders WHERE order_id <= 40;
Show all students,SELECT * FROM students;
Find minimum name in employees,SELECT MIN(name) FROM employees;
Find maximum status in orders,SELECT MAX(status) FROM orders;
Show all students,SELECT * FROM students;
Show date from orders where customer_id = 40,SELECT date FROM orders WHERE customer_id = 40;
Count all rows in orders,SELECT COUNT(*) FROM orders;
List all date from orders,SELECT date FROM orders;
Find minimum id in employees,SELECT MIN(id) FROM employees;
Show age from students where name < 80,SELECT age FROM students WHERE name < 80;
Find maximum department in students,SELECT MAX(department) FROM students;
Show all customers,SELECT * FROM customers;
Find maximum age in students,SELECT MAX(age) FROM students;
Find all records in employees where department >= 60,SELECT * FROM employees WHERE department >= 60;
Find all records in students where marks < 100,SELECT * FROM students WHERE marks < 100;
Show all students,SELECT * FROM students;
Find all records in students where age < 70,SELECT * FROM students WHERE age < 70;
Show all products ordered by category,SELECT * FROM products ORDER BY category;
Show marks from students where id <= 80,SELECT marks FROM students WHERE id <= 80;
List all name from products,SELECT name FROM products;
Find all records in orders where date <= 30,SELECT * FROM orders WHERE date <= 30;
Find maximum age in students,SELECT MAX(age) FROM students;
Show all orders,SELECT * FROM orders;
List all product_id from products,SELECT product_id FROM products;
Show age from students where department < 80,SELECT age FROM students WHERE department < 80;
Show all students,SELECT * FROM students;
Show product_id from products where product_id >= 40,SELECT product_id FROM products WHERE product_id >= 40;
Find all records in orders where order_id <= 90,SELECT * FROM orders WHERE order_id <= 90;
List all marks from students,SELECT marks FROM students;
Show salary from employees where age <= 60,SELECT salary FROM employees WHERE age <= 60;
List all id from employees,SELECT id FROM employees;
Find maximum id in students,SELECT MAX(id) FROM students;
Show all employees,SELECT * FROM employees;
Find average membership in customers,SELECT AVG(membership) FROM customers;
Show all orders,SELECT * FROM orders;
Show department from employees where salary <= 100,SELECT department FROM employees WHERE salary <= 100;
Find all records in products where name = 20,SELECT * FROM products WHERE name = 20;
Count all rows in students,SELECT COUNT(*) FROM students;
Find all records in products where category > 70,SELECT * FROM products WHERE category > 70;
List all customer_id from orders,SELECT customer_id FROM orders;
List all category from products,SELECT category FROM products;
Show all products,SELECT * FROM products;
Show all products ordered by category,SELECT * FROM products ORDER BY category;
Show all employees ordered by age,SELECT * FROM employees ORDER BY age;
Count all rows in employees,SELECT COUNT(*) FROM employees;
Count all rows in orders,SELECT COUNT(*) FROM orders;
Show all students ordered by marks,SELECT * FROM students ORDER BY marks;
Find minimum order_id in orders,SELECT MIN(order_id) FROM orders;
Find all records in products where name > 60,SELECT * FROM products WHERE name > 60;
Find maximum name in customers,SELECT MAX(name) FROM customers;
List all id from employees,SELECT id FROM employees;
List all membership from customers,SELECT membership FROM customers;
Count all rows in students,SELECT COUNT(*) FROM students;
Find all records in students where name <= 100,SELECT * FROM students WHERE name <= 100;
Find minimum city in customers,SELECT MIN(city) FROM customers;
Show all products ordered by product_id,SELECT * FROM products ORDER BY product_id;
Show category from products where name >= 20,SELECT category FROM products WHERE name >= 20;
Count all rows in employees,SELECT COUNT(*) FROM employees;
Find minimum membership in customers,SELECT MIN(membership) FROM customers;
Show id from students where marks >= 100,SELECT id FROM students WHERE marks >= 100;
Show all employees ordered by age,SELECT * FROM employees ORDER BY age;
Find maximum membership in customers,SELECT MAX(membership) FROM customers;
Find minimum city in customers,SELECT MIN(city) FROM customers;
List all age from employees,SELECT age FROM employees;
Show department from employees where name < 50,SELECT department FROM employees WHERE name < 50;
Find average price in products,SELECT AVG(price) FROM products;
Find average age in students,SELECT AVG(age) FROM students;
List all name from students,SELECT name FROM students;
Find minimum city in customers,SELECT MIN(city) FROM customers;
Show name from employees where id <= 90,SELECT name FROM employees WHERE id <= 90;
Find maximum marks in students,SELECT MAX(marks) FROM students;
Find maximum date in orders,SELECT MAX(date) FROM orders;
Find minimum category in products,SELECT MIN(category) FROM products;
Find average amount in orders,SELECT AVG(amount) FROM orders;
Find average department in students,SELECT AVG(department) FROM students;
List all department from students,SELECT department FROM students;
Show name from employees where salary = 60,SELECT name FROM employees WHERE salary = 60;
Find average id in students,SELECT AVG(id) FROM students;
List all name from products,SELECT name FROM products;
Find all records in students where id <= 50,SELECT * FROM students WHERE id <= 50;
Count all rows in students,SELECT COUNT(*) FROM students;
Show status from orders where status >= 70,SELECT status FROM orders WHERE status >= 70;
List all age from customers,SELECT age FROM customers;
Show name from customers where name > 90,SELECT name FROM customers WHERE name > 90;
Find average stock in products,SELECT AVG(stock) FROM products;
Show id from students where age <= 20,SELECT id FROM students WHERE age <= 20;
Find minimum department in students,SELECT MIN(department) FROM students;
Find minimum age in employees,SELECT MIN(age) FROM employees;
List all id from employees,SELECT id FROM employees;
Show all customers,SELECT * FROM customers;
List all marks from students,SELECT marks FROM students;
Find minimum department in students,SELECT MIN(department) FROM students;
Find all records in customers where customer_id < 70,SELECT * FROM customers WHERE customer_id < 70;
Find average name in customers,SELECT AVG(name) FROM customers;
Find all records in employees where id > 40,SELECT * FROM employees WHERE id > 40;
Show all employees,SELECT * FROM employees;
Show all employees ordered by id,SELECT * FROM employees ORDER BY id;
Find average product_id in products,SELECT AVG(product_id) FROM products;
Show marks from students where marks <= 60,SELECT marks FROM students WHERE marks <= 60;
Find all records in products where stock <= 40,SELECT * FROM products WHERE stock <= 40;
Find all records in orders where date > 10,SELECT * FROM orders WHERE date > 10;
List all age from employees,SELECT age FROM employees;
Find minimum department in students,SELECT MIN(department) FROM students;
Find all records in customers where city <= 80,SELECT * FROM customers WHERE city <= 80;
Find all records in orders where amount <= 40,SELECT * FROM orders WHERE amount <= 40;
Show status from orders where amount = 40,SELECT status FROM orders WHERE amount = 40;
List all price from products,SELECT price FROM products;
Show all employees,SELECT * FROM employees;
Find maximum id in employees,SELECT MAX(id) FROM employees;
Count all rows in products,SELECT COUNT(*) FROM products;
Find average stock in products,SELECT AVG(stock) FROM products;
Find minimum marks in students,SELECT MIN(marks) FROM students;
Show price from products where category > 50,SELECT price FROM products WHERE category > 50;
Show all customers ordered by membership,SELECT * FROM customers ORDER BY membership;
Find all records in students where name >= 70,SELECT * FROM students WHERE name >= 70;
Count all rows in products,SELECT COUNT(*) FROM products;
Find all records in customers where name < 80,SELECT * FROM customers WHERE name < 80;
Show all products ordered by product_id,SELECT * FROM products ORDER BY product_id;
Count all rows in products,SELECT COUNT(*) FROM products;
Find average age in customers,SELECT AVG(age) FROM customers;
Count all rows in orders,SELECT COUNT(*) FROM orders;
Find minimum marks in students,SELECT MIN(marks) FROM students;
Show all orders,SELECT * FROM orders;
Count all rows in orders,SELECT COUNT(*) FROM orders;
Show all orders ordered by date,SELECT * FROM orders ORDER BY date;
Find minimum amount in orders,SELECT MIN(amount) FROM orders;
Find minimum department in students,SELECT MIN(department) FROM students;
Find all records in products where price <= 10,SELECT * FROM products WHERE price <= 10;
Show all products,SELECT * FROM products;
Find average date in orders,SELECT AVG(date) FROM orders;
Show all customers,SELECT * FROM customers;
Show all students ordered by name,SELECT * FROM students ORDER BY name;
List all department from students,SELECT department FROM students;
Show all customers,SELECT * FROM customers;
Find maximum amount in orders,SELECT MAX(amount) FROM orders;
Find average customer_id in customers,SELECT AVG(customer_id) FROM customers;
Show salary from employees where name >= 60,SELECT salary FROM employees WHERE name >= 60;
Show all products ordered by price,SELECT * FROM products ORDER BY price;
Find minimum customer_id in customers,SELECT MIN(customer_id) FROM customers;
Find minimum category in products,SELECT MIN(category) FROM products;
List all customer_id from orders,SELECT customer_id FROM orders;
Find minimum department in employees,SELECT MIN(department) FROM employees;
Find maximum amount in orders,SELECT MAX(amount) FROM orders;
Find minimum membership in customers,SELECT MIN(membership) FROM customers;
Find minimum age in students,SELECT MIN(age) FROM students;
Show membership from customers where membership = 90,SELECT membership FROM customers WHERE membership = 90;
Find average date in orders,SELECT AVG(date) FROM orders;
Find all records in products where stock <= 60,SELECT * FROM products WHERE stock <= 60;
Show all customers ordered by name,SELECT * FROM customers ORDER BY name;
List all salary from employees,SELECT salary FROM employees;
Show all customers,SELECT * FROM customers;
Find average id in employees,SELECT AVG(id) FROM employees;
Find all records in employees where salary < 80,SELECT * FROM employees WHERE salary < 80;
Find average stock in products,SELECT AVG(stock) FROM products;
Show stock from products where stock <= 50,SELECT stock FROM products WHERE stock <= 50;
Find maximum customer_id in orders,SELECT MAX(customer_id) FROM orders;
Find maximum age in students,SELECT MAX(age) FROM students;
Find average amount in orders,SELECT AVG(amount) FROM orders;
Find maximum status in orders,SELECT MAX(status) FROM orders;
Find average marks in students,SELECT AVG(marks) FROM students;
List all name from products,SELECT name FROM products;
Show all products ordered by price,SELECT * FROM products ORDER BY price;
Find maximum amount in orders,SELECT MAX(amount) FROM orders;
Show all products ordered by stock,SELECT * FROM products ORDER BY stock;
Show department from employees where department > 30,SELECT department FROM employees WHERE department > 30;
Show all products ordered by category,SELECT * FROM products ORDER BY category;
List all city from customers,SELECT city FROM customers;
List all stock from products,SELECT stock FROM products;
Find average product_id in products,SELECT AVG(product_id) FROM products;
Find maximum name in products,SELECT MAX(name) FROM products;
Find all records in products where price < 60,SELECT * FROM products WHERE price < 60;
Show all students ordered by department,SELECT * FROM students ORDER BY department;
Find average price in products,SELECT AVG(price) FROM products;
Find maximum order_id in orders,SELECT MAX(order_id) FROM orders;
List all name from students,SELECT name FROM students;
Find maximum id in employees,SELECT MAX(id) FROM employees;
Show all products ordered by stock,SELECT * FROM products ORDER BY stock;
Find average age in employees,SELECT AVG(age) FROM employees;
Show all customers,SELECT * FROM customers;
Show all orders,SELECT * FROM orders;
Find minimum name in students,SELECT MIN(name) FROM students;
List all department from students,SELECT department FROM students;
Show all products ordered by price,SELECT * FROM products ORDER BY price;
Show all employees,SELECT * FROM employees;
Show age from employees where id >= 10,SELECT age FROM employees WHERE id >= 10;
Show all customers ordered by membership,SELECT * FROM customers ORDER BY membership;
Find all records in customers where city > 60,SELECT * FROM customers WHERE city > 60;
Find minimum department in employees,SELECT MIN(department) FROM employees;
Show all customers ordered by age,SELECT * FROM customers ORDER BY age;
Show product_id from products where price >= 80,SELECT product_id FROM products WHERE price >= 80;
Find all records in customers where name >= 70,SELECT * FROM customers WHERE name >= 70;
Show all students ordered by department,SELECT * FROM students ORDER BY department;
Count all rows in employees,SELECT COUNT(*) FROM employees;
Show all orders ordered by customer_id,SELECT * FROM orders ORDER BY customer_id;
List all department from students,SELECT department FROM students;
Find all records in products where category > 70,SELECT * FROM products WHERE category > 70;
Show all employees ordered by age,SELECT * FROM employees ORDER BY age;
Find average age in employees,SELECT AVG(age) FROM employees;
Find maximum age in students,SELECT MAX(age) FROM students;
Count all rows in students,SELECT COUNT(*) FROM students;
List all price from products,SELECT price FROM products;
Show salary from employees where salary < 10,SELECT salary FROM employees WHERE salary < 10;
Find average category in products,SELECT AVG(category) FROM products;
Show all products,SELECT * FROM products;
Find average name in products,SELECT AVG(name) FROM products;
Find all records in students where name < 100,SELECT * FROM students WHERE name < 100;
Find minimum name in students,SELECT MIN(name) FROM students;
Find average stock in products,SELECT AVG(stock) FROM products;
Find all records in products where price >= 90,SELECT * FROM products WHERE price >= 90;
Show all products,SELECT * FROM products;
Find minimum name in customers,SELECT MIN(name) FROM customers;
Show customer_id from orders where order_id >= 50,SELECT customer_id FROM orders WHERE order_id >= 50;
Find maximum status in orders,SELECT MAX(status) FROM orders;
Show all employees ordered by age,SELECT * FROM employees ORDER BY age;
Find all records in products where stock = 20,SELECT * FROM products WHERE stock = 20;
Find all records in orders where amount > 50,SELECT * FROM orders WHERE amount > 50;
List all status from orders,SELECT status FROM orders;
Show all students,SELECT * FROM students;
Find all records in customers where age > 50,SELECT * FROM customers WHERE age > 50;
Count all rows in orders,SELECT COUNT(*) FROM orders;
Count all rows in students,SELECT COUNT(*) FROM students;
Find average name in customers,SELECT AVG(name) FROM customers;
List all marks from students,SELECT marks FROM students;
Find maximum stock in products,SELECT MAX(stock) FROM products;
Show all employees ordered by name,SELECT * FROM employees ORDER BY name;
Find all records in employees where salary <= 60,SELECT * FROM employees WHERE salary <= 60;
Find minimum department in employees,SELECT MIN(department) FROM employees;
Show product_id from products where product_id <= 30,SELECT product_id FROM products WHERE product_id <= 30;
Find all records in orders where order_id = 80,SELECT * FROM orders WHERE order_id = 80;
Show all orders,SELECT * FROM orders;
Show amount from orders where order_id = 30,SELECT amount FROM orders WHERE order_id = 30;
Find average amount in orders,SELECT AVG(amount) FROM orders;
Find average age in students,SELECT AVG(age) FROM students;
Find average category in products,SELECT AVG(category) FROM products;
Find average amount in orders,SELECT AVG(amount) FROM orders;
List all name from students,SELECT name FROM students;
Find maximum city in customers,SELECT MAX(city) FROM customers;
Find maximum name in employees,SELECT MAX(name) FROM employees;
Show all employees ordered by salary,SELECT * FROM employees ORDER BY salary;
List all id from students,SELECT id FROM students;
Find minimum category in products,SELECT MIN(category) FROM products;
Show all students,SELECT * FROM students;
Show name from employees where age > 10,SELECT name FROM employees WHERE age > 10;
Show name from students where department = 100,SELECT name FROM students WHERE department = 100;
Show all orders ordered by customer_id,SELECT * FROM orders ORDER BY customer_id;
Show all employees ordered by salary,SELECT * FROM employees ORDER BY salary;
Find all records in orders where date = 20,SELECT * FROM orders WHERE date = 20;
Show all products,SELECT * FROM products;
Find all records in products where price <= 20,SELECT * FROM products WHERE price <= 20;
Find minimum age in employees,SELECT MIN(age) FROM employees;
Show all students,SELECT * FROM students;
Show all orders,SELECT * FROM orders;
Show all employees,SELECT * FROM employees;
Find maximum id in students,SELECT MAX(id) FROM students;
List all customer_id from orders,SELECT customer_id FROM orders;
Find average salary in employees,SELECT AVG(salary) FROM employees;
Find average membership in customers,SELECT AVG(membership) FROM customers;
Show all products ordered by name,SELECT * FROM products ORDER BY name;
Find maximum status in orders,SELECT MAX(status) FROM orders;
Find maximum age in customers,SELECT MAX(age) FROM customers;
Count all rows in customers,SELECT COUNT(*) FROM customers;
Find all records in employees where id >= 50,SELECT * FROM employees WHERE id >= 50;
Show all customers,SELECT * FROM customers;
Find all records in customers where age < 70,SELECT * FROM customers WHERE age < 70;
Show name from products where product_id >= 60,SELECT name FROM products WHERE product_id >= 60;
Show date from orders where date > 10,SELECT date FROM orders WHERE date > 10;
Find maximum age in students,SELECT MAX(age) FROM students;
Show name from employees where id < 80,SELECT name FROM employees WHERE id < 80;
List all department from students,SELECT department FROM students;
List all category from products,SELECT category FROM products;
Count all rows in orders,SELECT COUNT(*) FROM orders;
Show product_id from products where product_id <= 10,SELECT product_id FROM products WHERE product_id <= 10;
Find maximum department in students,SELECT MAX(department) FROM students;
Show all orders,SELECT * FROM orders;
Show status from orders where customer_id = 60,SELECT status FROM orders WHERE customer_id = 60;
Show name from products where price <= 70,SELECT name FROM products WHERE price <= 70;
Show all students,SELECT * FROM students;
Find maximum date in orders,SELECT MAX(date) FROM orders;
Find average id in employees,SELECT AVG(id) FROM employees;
Find maximum amount in orders,SELECT MAX(amount) FROM orders;
Show all products,SELECT * FROM products;
Find minimum age in employees,SELECT MIN(age) FROM employees;
Find maximum customer_id in customers,SELECT MAX(customer_id) FROM customers;
Find average age in students,SELECT AVG(age) FROM students;
Show all employees ordered by age,SELECT * FROM employees ORDER BY age;
Show all products ordered by category,SELECT * FROM products ORDER BY category;
Show date from orders where date = 100,SELECT date FROM orders WHERE date = 100;
Find average name in students,SELECT AVG(name) FROM students;
Count all rows in customers,SELECT COUNT(*) FROM customers;
Find maximum order_id in orders,SELECT MAX(order_id) FROM orders;
Find all records in students where age = 30,SELECT * FROM students WHERE age = 30;
Find minimum department in students,SELECT MIN(department) FROM students;
Show all products ordered by price,SELECT * FROM products ORDER BY price;
Show price from products where category = 100,SELECT price FROM products WHERE category = 100;
List all name from employees,SELECT name FROM employees;
Count all rows in products,SELECT COUNT(*) FROM products;
Show all students ordered by age,SELECT * FROM students ORDER BY age;
Show all customers ordered by name,SELECT * FROM customers ORDER BY name;
Show all employees ordered by salary,SELECT * FROM employees ORDER BY salary;
List all category from products,SELECT category FROM products;
Find average name in students,SELECT AVG(name) FROM students;
Find minimum category in products,SELECT MIN(category) FROM products;
Show all orders ordered by date,SELECT * FROM orders ORDER BY date;
Find maximum customer_id in orders,SELECT MAX(customer_id) FROM orders;
Find maximum marks in students,SELECT MAX(marks) FROM students;
Show all customers ordered by city,SELECT * FROM customers ORDER BY city;
Find average customer_id in orders,SELECT AVG(customer_id) FROM orders;
Find average stock in products,SELECT AVG(stock) FROM products;
Find minimum product_id in products,SELECT MIN(product_id) FROM products;
Find maximum name in employees,SELECT MAX(name) FROM employees;
List all salary from employees,SELECT salary FROM employees;
Show all orders,SELECT * FROM orders;
Find maximum status in orders,SELECT MAX(status) FROM orders;
Find average name in customers,SELECT AVG(name) FROM customers;
Count all rows in customers,SELECT COUNT(*) FROM customers;
Show all students ordered by department,SELECT * FROM students ORDER BY department;
Find minimum age in students,SELECT MIN(age) FROM students;
Show stock from products where name <= 40,SELECT stock FROM products WHERE name <= 40;
Find average age in students,SELECT AVG(age) FROM students;
Find minimum status in orders,SELECT MIN(status) FROM orders;
Show name from employees where id <= 30,SELECT name FROM employees WHERE id <= 30;
Find average department in students,SELECT AVG(department) FROM students;
Find maximum age in employees,SELECT MAX(age) FROM employees;
Find all records in students where name >= 20,SELECT * FROM students WHERE name >= 20;
List all date from orders,SELECT date FROM orders;
Find maximum membership in customers,SELECT MAX(membership) FROM customers;
Show all employees,SELECT * FROM employees;
List all date from orders,SELECT date FROM orders;
Find minimum price in products,SELECT MIN(price) FROM products;
Show amount from orders where status <= 40,SELECT amount FROM orders WHERE status <= 40;
Show membership from customers where membership > 40,SELECT membership FROM customers WHERE membership > 40;
Find minimum age in students,SELECT MIN(age) FROM students;
Find all records in orders where order_id > 80,SELECT * FROM orders WHERE order_id > 80;
Find all records in employees where id <= 80,SELECT * FROM employees WHERE id <= 80;
Find average price in products,SELECT AVG(price) FROM products;
List all name from products,SELECT name FROM products;
Find minimum date in orders,SELECT MIN(date) FROM orders;
Show marks from students where age = 90,SELECT marks FROM students WHERE age = 90;
Find all records in employees where name >= 20,SELECT * FROM employees WHERE name >= 20;
Find minimum price in products,SELECT MIN(price) FROM products;
Find maximum name in students,SELECT MAX(name) FROM students;
Find minimum stock in products,SELECT MIN(stock) FROM products;
List all age from employees,SELECT age FROM employees;
Find all records in employees where id <= 40,SELECT * FROM employees WHERE id <= 40;
Show all customers ordered by age,SELECT * FROM customers ORDER BY age;
Find all records in orders where status >= 60,SELECT * FROM orders WHERE status >= 60;
Find average status in orders,SELECT AVG(status) FROM orders;
Show all orders,SELECT * FROM orders;
List all salary from employees,SELECT salary FROM employees;
Find all records in customers where customer_id <= 100,SELECT * FROM customers WHERE customer_id <= 100;
Find maximum salary in employees,SELECT MAX(salary) FROM employees;
Count all rows in customers,SELECT COUNT(*) FROM customers;
Show all orders,SELECT * FROM orders;
Show all customers ordered by age,SELECT * FROM customers ORDER BY age;
Show all customers,SELECT * FROM customers;
Find maximum name in products,SELECT MAX(name) FROM products;
Find all records in orders where customer_id > 90,SELECT * FROM orders WHERE customer_id > 90;
Find maximum order_id in orders,SELECT MAX(order_id) FROM orders;
List all age from students,SELECT age FROM students;
Find minimum name in students,SELECT MIN(name) FROM students;
Find minimum age in customers,SELECT MIN(age) FROM customers;
Find all records in customers where city >= 100,SELECT * FROM customers WHERE city >= 100;
Show amount from orders where amount > 40,SELECT amount FROM orders WHERE amount > 40;
Find average customer_id in customers,SELECT AVG(customer_id) FROM customers;
Find average name in students,SELECT AVG(name) FROM students;
Show name from students where department <= 50,SELECT name FROM students WHERE department <= 50;
Show price from products where price >= 10,SELECT price FROM products WHERE price >= 10;
Show all orders,SELECT * FROM orders;
Find all records in orders where date > 60,SELECT * FROM orders WHERE date > 60;
List all membership from customers,SELECT membership FROM customers;
Find minimum customer_id in orders,SELECT MIN(customer_id) FROM orders;
Show product_id from products where stock = 20,SELECT product_id FROM products WHERE stock = 20;
Find maximum name in students,SELECT MAX(name) FROM students;
Find average date in orders,SELECT AVG(date) FROM orders;
Show marks from students where name <= 30,SELECT marks FROM students WHERE name <= 30;
Show all customers,SELECT * FROM customers;
Find average department in employees,SELECT AVG(department) FROM employees;
Find maximum status in orders,SELECT MAX(status) FROM orders;
Show date from orders where customer_id < 20,SELECT date FROM orders WHERE customer_id < 20;
Find average membership in customers,SELECT AVG(membership) FROM customers;
Find minimum customer_id in orders,SELECT MIN(customer_id) FROM orders;
Find all records in customers where name >= 60,SELECT * FROM customers WHERE name >= 60;
List all city from customers,SELECT city FROM customers;
Find maximum department in students,SELECT MAX(department) FROM students;
Find all records in customers where customer_id = 60,SELECT * FROM customers WHERE customer_id = 60;
Show department from students where age <= 80,SELECT department FROM students WHERE age <= 80;
Show name from students where age <= 20,SELECT name FROM students WHERE age <= 20;
Show all students ordered by age,SELECT * FROM students ORDER BY age;
Find all records in products where stock > 40,SELECT * FROM products WHERE stock > 40;
Find all records in employees where id >= 100,SELECT * FROM employees WHERE id >= 100;
Show all products,SELECT * FROM products;
Find maximum id in students,SELECT MAX(id) FROM students;
Find average department in students,SELECT AVG(department) FROM students;
Find maximum name in students,SELECT MAX(name) FROM students;
Show product_id from products where price <= 90,SELECT product_id FROM products WHERE price <= 90;
Find maximum stock in products,SELECT MAX(stock) FROM products;
Show all students ordered by id,SELECT * FROM students ORDER BY id;
Show all students ordered by marks,SELECT * FROM students ORDER BY marks;
Find minimum age in customers,SELECT MIN(age) FROM customers;
Show all students,SELECT * FROM students;
Show category from products where stock <= 40,SELECT category FROM products WHERE stock <= 40;
Find maximum name in products,SELECT MAX(name) FROM products;
Show all employees,SELECT * FROM employees;
Find average name in students,SELECT AVG(name) FROM students;
Find minimum status in orders,SELECT MIN(status) FROM orders;
Show all employees,SELECT * FROM employees;
Find all records in employees where name <= 20,SELECT * FROM employees WHERE name <= 20;
Show name from students where department <= 90,SELECT name FROM students WHERE department <= 90;
Show all employees ordered by salary,SELECT * FROM employees ORDER BY salary;
Find minimum price in products,SELECT MIN(price) FROM products;
Find average amount in orders,SELECT AVG(amount) FROM orders;
Show customer_id from customers where name >= 100,SELECT customer_id FROM customers WHERE name >= 100;
Find maximum order_id in orders,SELECT MAX(order_id) FROM orders;
List all customer_id from orders,SELECT customer_id FROM orders;
Count all rows in employees,SELECT COUNT(*) FROM employees;
Find maximum name in employees,SELECT MAX(name) FROM employees;
Find average status in orders,SELECT AVG(status) FROM orders;
Find average stock in products,SELECT AVG(stock) FROM products;
Show all employees ordered by department,SELECT * FROM employees ORDER BY department;
Find maximum price in products,SELECT MAX(price) FROM products;
Find minimum age in customers,SELECT MIN(age) FROM customers;
Show all customers,SELECT * FROM customers;
Count all rows in orders,SELECT COUNT(*) FROM orders;
Count all rows in products,SELECT COUNT(*) FROM products;
Find maximum salary in employees,SELECT MAX(salary) FROM employees;
Find average name in employees,SELECT AVG(name) FROM employees;
Show all orders ordered by status,SELECT * FROM orders ORDER BY status;
Find minimum category in products,SELECT MIN(category) FROM products;
Find all records in orders where order_id <= 90,SELECT * FROM orders WHERE order_id <= 90;
Find maximum salary in employees,SELECT MAX(salary) FROM employees;
Find minimum status in orders,SELECT MIN(status) FROM orders;
Count all rows in employees,SELECT COUNT(*) FROM employees;
Find minimum id in employees,SELECT MIN(id) FROM employees;
Show all employees ordered by name,SELECT * FROM employees ORDER BY name;
Find maximum amount in orders,SELECT MAX(amount) FROM orders;
Find maximum price in products,SELECT MAX(price) FROM products;
Show all students ordered by marks,SELECT * FROM students ORDER BY marks;
Find average name in employees,SELECT AVG(name) FROM employees;
List all age from customers,SELECT age FROM customers;
Find maximum date in orders,SELECT MAX(date) FROM orders;
Find average salary in employees,SELECT AVG(salary) FROM employees;
Find maximum name in employees,SELECT MAX(name) FROM employees;
Show department from students where department < 20,SELECT department FROM students WHERE department < 20;
List all name from customers,SELECT name FROM customers;
Count all rows in customers,SELECT COUNT(*) FROM customers;
Count all rows in students,SELECT COUNT(*) FROM students;
Find all records in customers where age >= 50,SELECT * FROM customers WHERE age >= 50;
Show name from students where marks = 70,SELECT name FROM students WHERE marks = 70;
Find maximum category in products,SELECT MAX(category) FROM products;
Find maximum id in employees,SELECT MAX(id) FROM employees;
List all product_id from products,SELECT product_id FROM products;
List all customer_id from customers,SELECT customer_id FROM customers;
Show id from students where id > 40,SELECT id FROM students WHERE id > 40;
Find minimum name in customers,SELECT MIN(name) FROM customers;
Show department from employees where salary < 100,SELECT department FROM employees WHERE salary < 100;
Find all records in employees where id >= 40,SELECT * FROM employees WHERE id >= 40;
Find maximum order_id in orders,SELECT MAX(order_id) FROM orders;
Find all records in products where product_id > 40,SELECT * FROM products WHERE product_id > 40;
Show salary from employees where name < 50,SELECT salary FROM employees WHERE name < 50;
Show age from students where id = 50,SELECT age FROM students WHERE id = 50;
Find average name in customers,SELECT AVG(name) FROM customers;
Show age from customers where customer_id <= 10,SELECT age FROM customers WHERE customer_id <= 10;
Show all orders ordered by date,SELECT * FROM orders ORDER BY date;
Show category from products where product_id >= 100,SELECT category FROM products WHERE product_id >= 100;
Find maximum category in products,SELECT MAX(category) FROM products;
Show all employees ordered by salary,SELECT * FROM employees ORDER BY salary;
Show name from products where name = 80,SELECT name FROM products WHERE name = 80;
Show all orders,SELECT * FROM orders;
Find minimum marks in students,SELECT MIN(marks) FROM students;
Find average department in students,SELECT AVG(department) FROM students;
Find maximum id in students,SELECT MAX(id) FROM students;
Find all records in employees where name = 30,SELECT * FROM employees WHERE name = 30;
Find average category in products,SELECT AVG(category) FROM products;
Find average order_id in orders,SELECT AVG(order_id) FROM orders;
Show all orders ordered by status,SELECT * FROM orders ORDER BY status;
Find minimum id in students,SELECT MIN(id) FROM students;
Find average category in products,SELECT AVG(category) FROM products;
Show all customers,SELECT * FROM customers;
Show all customers,SELECT * FROM customers;
Find minimum department in employees,SELECT MIN(department) FROM employees;
List all name from products,SELECT name FROM products;
Find maximum city in customers,SELECT MAX(city) FROM customers;
Show all products ordered by name,SELECT * FROM products ORDER BY name;
Find maximum customer_id in customers,SELECT MAX(customer_id) FROM customers;
Find all records in orders where amount = 40,SELECT * FROM orders WHERE amount = 40;
Show category from products where name > 60,SELECT category FROM products WHERE name > 60;
Find minimum amount in orders,SELECT MIN(amount) FROM orders;
Find minimum category in products,SELECT MIN(category) FROM products;
List all id from students,SELECT id FROM students;
Show all customers ordered by city,SELECT * FROM customers ORDER BY city;
Find average id in employees,SELECT AVG(id) FROM employees;
Show all products ordered by category,SELECT * FROM products ORDER BY category;
Find minimum membership in customers,SELECT MIN(membership) FROM customers;
Find minimum customer_id in orders,SELECT MIN(customer_id) FROM orders;
Find average city in customers,SELECT AVG(city) FROM customers;
Find minimum customer_id in orders,SELECT MIN(customer_id) FROM orders;
Show all customers ordered by customer_id,SELECT * FROM customers ORDER BY customer_id;
List all amount from orders,SELECT amount FROM orders;
Find all records in orders where amount <= 80,SELECT * FROM orders WHERE amount <= 80;
List all status from orders,SELECT status FROM orders;
Find all records in products where name = 10,SELECT * FROM products WHERE name = 10;
Find maximum price in products,SELECT MAX(price) FROM products;
Show all products ordered by name,SELECT * FROM products ORDER BY name;
Show all customers ordered by age,SELECT * FROM customers ORDER BY age;
Find all records in customers where age > 30,SELECT * FROM customers WHERE age > 30;
Show all students ordered by id,SELECT * FROM students ORDER BY id;
Find minimum customer_id in orders,SELECT MIN(customer_id) FROM orders;
Find minimum date in orders,SELECT MIN(date) FROM orders;
Show all employees ordered by salary,SELECT * FROM employees ORDER BY salary;
Count all rows in products,SELECT COUNT(*) FROM products;
Show all employees ordered by id,SELECT * FROM employees ORDER BY id;
Find average marks in students,SELECT AVG(marks) FROM students;
Find all records in customers where name > 70,SELECT * FROM customers WHERE name > 70;
Find maximum customer_id in customers,SELECT MAX(customer_id) FROM customers;
Show all employees ordered by salary,SELECT * FROM employees ORDER BY salary;
Show name from customers where city > 40,SELECT name FROM customers WHERE city > 40;
Show all products,SELECT * FROM products;
Find all records in orders where order_id < 10,SELECT * FROM orders WHERE order_id < 10;
Show price from products where name < 60,SELECT price FROM products WHERE name < 60;
Show all employees ordered by age,SELECT * FROM employees ORDER BY age;
Find maximum date in orders,SELECT MAX(date) FROM orders;
Show customer_id from customers where name > 80,SELECT customer_id FROM customers WHERE name > 80;
Count all rows in products,SELECT COUNT(*) FROM products;
Show all employees,SELECT * FROM employees;
Show all employees,SELECT * FROM employees;
Find all records in orders where amount <= 80,SELECT * FROM orders WHERE amount <= 80;
Find maximum id in students,SELECT MAX(id) FROM students;
Find all records in customers where age < 70,SELECT * FROM customers WHERE age < 70;
Find average salary in employees,SELECT AVG(salary) FROM employees;
Find average product_id in products,SELECT AVG(product_id) FROM products;
Count all rows in employees,SELECT COUNT(*) FROM employees;
Show all students ordered by department,SELECT * FROM students ORDER BY department;
List all customer_id from orders,SELECT customer_id FROM orders;
Show all students ordered by marks,SELECT * FROM students ORDER BY marks;
Find average department in employees,SELECT AVG(department) FROM employees;
Show age from employees where age < 40,SELECT age FROM employees WHERE age < 40;
Count all rows in students,SELECT COUNT(*) FROM students;
Find all records in employees where age >= 60,SELECT * FROM employees WHERE age >= 60;
Find all records in students where department >= 50,SELECT * FROM students WHERE department >= 50;
List all product_id from products,SELECT product_id FROM products;
Show name from students where name > 10,SELECT name FROM students WHERE name > 10;
Show product_id from products where stock <= 80,SELECT product_id FROM products WHERE stock <= 80;
Show all orders ordered by order_id,SELECT * FROM orders ORDER BY order_id;
List all city from customers,SELECT city FROM customers;
Show all orders,SELECT * FROM orders;
Find all records in products where price > 10,SELECT * FROM products WHERE price > 10;
Find maximum department in employees,SELECT MAX(department) FROM employees;
Find minimum customer_id in customers,SELECT MIN(customer_id) FROM customers;
Show all products ordered by price,SELECT * FROM products ORDER BY price;
Show all products ordered by product_id,SELECT * FROM products ORDER BY product_id;
Find all records in customers where city > 60,SELECT * FROM customers WHERE city > 60;
List all department from students,SELECT department FROM students;
List all name from products,SELECT name FROM products;
Show all products ordered by price,SELECT * FROM products ORDER BY price;
Find average name in employees,SELECT AVG(name) FROM employees;
Show all customers,SELECT * FROM customers;
Find minimum department in employees,SELECT MIN(department) FROM employees;
Count all rows in orders,SELECT COUNT(*) FROM orders;
Show all employees,SELECT * FROM employees;
Show id from employees where age = 10,SELECT id FROM employees WHERE age = 10;
Find maximum date in orders,SELECT MAX(date) FROM orders;
Find maximum stock in products,SELECT MAX(stock) FROM products;
Find maximum order_id in orders,SELECT MAX(order_id) FROM orders;
List all name from employees,SELECT name FROM employees;
Find minimum membership in customers,SELECT MIN(membership) FROM customers;
List all category from products,SELECT category FROM products;
List all department from employees,SELECT department FROM employees;
Find minimum order_id in orders,SELECT MIN(order_id) FROM orders;
Find maximum customer_id in customers,SELECT MAX(customer_id) FROM customers;
Find all records in orders where customer_id < 60,SELECT * FROM orders WHERE customer_id < 60;
Find maximum marks in students,SELECT MAX(marks) FROM students;
Show all customers ordered by membership,SELECT * FROM customers ORDER BY membership;
List all product_id from products,SELECT product_id FROM products;
Find average id in students,SELECT AVG(id) FROM students;
Count all rows in products,SELECT COUNT(*) FROM products;
Count all rows in employees,SELECT COUNT(*) FROM employees;
Show all orders ordered by customer_id,SELECT * FROM orders ORDER BY customer_id;
Find minimum status in orders,SELECT MIN(status) FROM orders;
Show department from students where age < 10,SELECT department FROM students WHERE age < 10;
Count all rows in students,SELECT COUNT(*) FROM students;
List all name from students,SELECT name FROM students;
Count all rows in customers,SELECT COUNT(*) FROM customers;
Find average product_id in products,SELECT AVG(product_id) FROM products;
Find all records in students where age >= 50,SELECT * FROM students WHERE age >= 50;
Find average product_id in products,SELECT AVG(product_id) FROM products;
Count all rows in orders,SELECT COUNT(*) FROM orders;
Find average id in employees,SELECT AVG(id) FROM employees;
Show all orders,SELECT * FROM orders;
Find all records in customers where city > 60,SELECT * FROM customers WHERE city > 60;
Find all records in customers where customer_id <= 60,SELECT * FROM customers WHERE customer_id <= 60;
Find minimum age in customers,SELECT MIN(age) FROM customers;
Find minimum status in orders,SELECT MIN(status) FROM orders;
Find minimum customer_id in customers,SELECT MIN(customer_id) FROM customers;
Find average salary in employees,SELECT AVG(salary) FROM employees;
List all department from employees,SELECT department FROM employees;
Show city from customers where name = 80,SELECT city FROM customers WHERE name = 80;
List all id from employees,SELECT id FROM employees;
Find all records in orders where amount > 60,SELECT * FROM orders WHERE amount > 60;
Find all records in products where price = 70,SELECT * FROM products WHERE price = 70;
Show all customers ordered by name,SELECT * FROM customers ORDER BY name;
Show all employees,SELECT * FROM employees;
Find average name in students,SELECT AVG(name) FROM students;
Show membership from customers where age > 90,SELECT membership FROM customers WHERE age > 90;
Show all students ordered by id,SELECT * FROM students ORDER BY id;
List all age from employees,SELECT age FROM employees;
Find maximum customer_id in orders,SELECT MAX(customer_id) FROM orders;
List all membership from customers,SELECT membership FROM customers;
Show all orders ordered by date,SELECT * FROM orders ORDER BY date;
Find minimum department in employees,SELECT MIN(department) FROM employees;
Show all students ordered by department,SELECT * FROM students ORDER BY department;
Show city from customers where age = 20,SELECT city FROM customers WHERE age = 20;
Find maximum age in students,SELECT MAX(age) FROM students;
Find all records in orders where amount <= 10,SELECT * FROM orders WHERE amount <= 10;
Count all rows in products,SELECT COUNT(*) FROM products;
Count all rows in products,SELECT COUNT(*) FROM products;
Show all employees,SELECT * FROM employees;
Find minimum marks in students,SELECT MIN(marks) FROM students;
Find all records in students where marks <= 30,SELECT * FROM students WHERE marks <= 30;
Count all rows in employees,SELECT COUNT(*) FROM employees;
Find maximum status in orders,SELECT MAX(status) FROM orders;
List all id from students,SELECT id FROM students;
Show all employees,SELECT * FROM employees;
Show all students ordered by department,SELECT * FROM students ORDER BY department;
Find average age in employees,SELECT AVG(age) FROM employees;
List all department from employees,SELECT department FROM employees;
Show all customers,SELECT * FROM customers;
Show salary from employees where name > 30,SELECT salary FROM employees WHERE name > 30;
Find all records in customers where name > 30,SELECT * FROM customers WHERE name > 30;
Find average product_id in products,SELECT AVG(product_id) FROM products;
Find average name in employees,SELECT AVG(name) FROM employees;
Count all rows in customers,SELECT COUNT(*) FROM customers;
Find all records in employees where name <= 80,SELECT * FROM employees WHERE name <= 80;
Show all students ordered by age,SELECT * FROM students ORDER BY age;
Count all rows in products,SELECT COUNT(*) FROM products;
Show all products,SELECT * FROM products;
List all name from products,SELECT name FROM products;
Find minimum department in students,SELECT MIN(department) FROM students;
Show all orders ordered by status,SELECT * FROM orders ORDER BY status;
Find maximum name in students,SELECT MAX(name) FROM students;
Count all rows in customers,SELECT COUNT(*) FROM customers;
Show all products,SELECT * FROM products;
Find all records in students where department = 80,SELECT * FROM students WHERE department = 80;
Find all records in students where id = 20,SELECT * FROM students WHERE id = 20;
Find minimum name in students,SELECT MIN(name) FROM students;
Find maximum customer_id in orders,SELECT MAX(customer_id) FROM orders;
Find all records in products where category <= 20,SELECT * FROM products WHERE category <= 20;
Show all employees ordered by department,SELECT * FROM employees ORDER BY department;
Find minimum customer_id in orders,SELECT MIN(customer_id) FROM orders;
Find all records in customers where name <= 50,SELECT * FROM customers WHERE name <= 50;
Find all records in orders where status > 60,SELECT * FROM orders WHERE status > 60;
List all marks from students,SELECT marks FROM students;
Find all records in orders where status > 50,SELECT * FROM orders WHERE status > 50;
Show id from employees where name > 30,SELECT id FROM employees WHERE name > 30;
Find average id in employees,SELECT AVG(id) FROM employees;
Find maximum id in students,SELECT MAX(id) FROM students;
Show name from students where age < 10,SELECT name FROM students WHERE age < 10;
List all price from products,SELECT price FROM products;
Show department from employees where name = 60,SELECT department FROM employees WHERE name = 60;
Show all students ordered by marks,SELECT * FROM students ORDER BY marks;
Show price from products where price > 80,SELECT price FROM products WHERE price > 80;
Show all customers,SELECT * FROM customers;
Find minimum city in customers,SELECT MIN(city) FROM customers;
Count all rows in students,SELECT COUNT(*) FROM students;
Show all students,SELECT * FROM students;
Show all students,SELECT * FROM students;
Find maximum salary in employees,SELECT MAX(salary) FROM employees;
List all amount from orders,SELECT amount FROM orders;
Find average id in students,SELECT AVG(id) FROM students;
Find all records in orders where customer_id < 40,SELECT * FROM orders WHERE customer_id < 40;
Find minimum department in employees,SELECT MIN(department) FROM employees;
Find all records in customers where name < 50,SELECT * FROM customers WHERE name < 50;
Find average amount in orders,SELECT AVG(amount) FROM orders;
Show all customers ordered by age,SELECT * FROM customers ORDER BY age;
List all age from customers,SELECT age FROM customers;
Count all rows in products,SELECT COUNT(*) FROM products;
Count all rows in customers,SELECT COUNT(*) FROM customers;
Find average department in employees,SELECT AVG(department) FROM employees;
Find minimum age in students,SELECT MIN(age) FROM students;
List all category from products,SELECT category FROM products;
Find minimum amount in orders,SELECT MIN(amount) FROM orders;
Find all records in students where age <= 20,SELECT * FROM students WHERE age <= 20;
Find maximum department in employees,SELECT MAX(department) FROM employees;
Count all rows in employees,SELECT COUNT(*) FROM employees;
Find maximum price in products,SELECT MAX(price) FROM products;
Show all students,SELECT * FROM students;
Find all records in students where department >= 40,SELECT * FROM students WHERE department >= 40;
Show all students,SELECT * FROM students;
Show all orders,SELECT * FROM orders;
Show age from customers where name = 90,SELECT age FROM customers WHERE name = 90;
Show all products,SELECT * FROM products;
Find all records in orders where customer_id = 10,SELECT * FROM orders WHERE customer_id = 10;
Find average membership in customers,SELECT AVG(membership) FROM customers;
List all order_id from orders,SELECT order_id FROM orders;
Find all records in employees where name > 70,SELECT * FROM employees WHERE name > 70;
Show amount from orders where status <= 80,SELECT amount FROM orders WHERE status <= 80;
Count all rows in customers,SELECT COUNT(*) FROM customers;
Find minimum id in students,SELECT MIN(id) FROM students;
Show price from products where stock > 50,SELECT price FROM products WHERE stock > 50;
Find maximum price in products,SELECT MAX(price) FROM products;
Find all records in students where age <= 40,SELECT * FROM students WHERE age <= 40;
Find minimum name in students,SELECT MIN(name) FROM students;
Find average marks in students,SELECT AVG(marks) FROM students;
List all status from orders,SELECT status FROM orders;
Find average stock in products,SELECT AVG(stock) FROM products;
Show amount from orders where amount >= 70,SELECT amount FROM orders WHERE amount >= 70;
Show marks from students where id >= 60,SELECT marks FROM students WHERE id >= 60;
Count all rows in students,SELECT COUNT(*) FROM students;
Find maximum membership in customers,SELECT MAX(membership) FROM customers;
Find all records in orders where customer_id > 90,SELECT * FROM orders WHERE customer_id > 90;
Show amount from orders where status = 80,SELECT amount FROM orders WHERE status = 80;
Find average name in products,SELECT AVG(name) FROM products;
Show all employees,SELECT * FROM employees;
Find all records in students where marks < 60,SELECT * FROM students WHERE marks < 60;
Find all records in products where stock <= 90,SELECT * FROM products WHERE stock <= 90;
List all stock from products,SELECT stock FROM products;
Find maximum salary in employees,SELECT MAX(salary) FROM employees;
Find all records in customers where membership <= 70,SELECT * FROM customers WHERE membership <= 70;
Show all students ordered by department,SELECT * FROM students ORDER BY department;
Count all rows in customers,SELECT COUNT(*) FROM customers;
Show all employees,SELECT * FROM employees;
Find minimum price in products,SELECT MIN(price) FROM products;
Show all customers,SELECT * FROM customers;
Find maximum customer_id in customers,SELECT MAX(customer_id) FROM customers;
Count all rows in products,SELECT COUNT(*) FROM products;
Find maximum stock in products,SELECT MAX(stock) FROM products;
Find average name in students,SELECT AVG(name) FROM students;
Find minimum date in orders,SELECT MIN(date) FROM orders;
Find minimum date in orders,SELECT MIN(date) FROM orders;
Find all records in employees where id = 60,SELECT * FROM employees WHERE id = 60;
Show all customers ordered by city,SELECT * FROM customers ORDER BY city;
Find maximum stock in products,SELECT MAX(stock) FROM products;
Show all products ordered by name,SELECT * FROM products ORDER BY name;
Find minimum customer_id in orders,SELECT MIN(customer_id) FROM orders;
Show all students,SELECT * FROM students;
Show all customers ordered by city,SELECT * FROM customers ORDER BY city;
Find maximum customer_id in customers,SELECT MAX(customer_id) FROM customers;
Find maximum salary in employees,SELECT MAX(salary) FROM employees;
List all city from customers,SELECT city FROM customers;
Show all customers,SELECT * FROM customers;
Show age from students where name = 70,SELECT age FROM students WHERE name = 70;
Show all employees ordered by salary,SELECT * FROM employees ORDER BY salary;
List all id from employees,SELECT id FROM employees;
Show all employees,SELECT * FROM employees;
List all name from products,SELECT name FROM products;
Find average customer_id in customers,SELECT AVG(customer_id) FROM customers;
Show all products ordered by stock,SELECT * FROM products ORDER BY stock;
Find all records in products where stock = 100,SELECT * FROM products WHERE stock = 100;
List all salary from employees,SELECT salary FROM employees;
List all product_id from products,SELECT product_id FROM products;
Find average order_id in orders,SELECT AVG(order_id) FROM orders;
List all product_id from products,SELECT product_id FROM products;
List all status from orders,SELECT status FROM orders;
List all id from students,SELECT id FROM students;
Show all products,SELECT * FROM products;
Show all customers ordered by city,SELECT * FROM customers ORDER BY city;
Find minimum id in students,SELECT MIN(id) FROM students;
Show all orders ordered by order_id,SELECT * FROM orders ORDER BY order_id;
Find minimum department in employees,SELECT MIN(department) FROM employees;
Count all rows in products,SELECT COUNT(*) FROM products;
Find all records in orders where customer_id >= 70,SELECT * FROM orders WHERE customer_id >= 70;
Show all students ordered by name,SELECT * FROM students ORDER BY name;
Find minimum name in customers,SELECT MIN(name) FROM customers;
Find minimum age in customers,SELECT MIN(age) FROM customers;
Find all records in customers where membership = 40,SELECT * FROM customers WHERE membership = 40;
Count all rows in products,SELECT COUNT(*) FROM products;
Find maximum department in employees,SELECT MAX(department) FROM employees;
List all age from customers,SELECT age FROM customers;
Find minimum customer_id in orders,SELECT MIN(customer_id) FROM orders;
Find all records in students where age >= 30,SELECT * FROM students WHERE age >= 30;
Show stock from products where name > 20,SELECT stock FROM products WHERE name > 20;
Find maximum id in employees,SELECT MAX(id) FROM employees;
Find all records in customers where name < 100,SELECT * FROM customers WHERE name < 100;
Show all orders ordered by date,SELECT * FROM orders ORDER BY date;
Find maximum salary in employees,SELECT MAX(salary) FROM employees;
Find maximum category in products,SELECT MAX(category) FROM products;
Find maximum department in students,SELECT MAX(department) FROM students;
Find average name in products,SELECT AVG(name) FROM products;
Find all records in students where id < 90,SELECT * FROM students WHERE id < 90;
Find average name in students,SELECT AVG(name) FROM students;
Show department from employees where age <= 20,SELECT department FROM employees WHERE age <= 20;
Show name from employees where department > 40,SELECT name FROM employees WHERE department > 40;
Find minimum stock in products,SELECT MIN(stock) FROM products;
Count all rows in products,SELECT COUNT(*) FROM products;
List all customer_id from orders,SELECT customer_id FROM orders;
Count all rows in students,SELECT COUNT(*) FROM students;
List all order_id from orders,SELECT order_id FROM orders;
Count all rows in employees,SELECT COUNT(*) FROM employees;
Find all records in orders where date = 100,SELECT * FROM orders WHERE date = 100;
Show all employees ordered by id,SELECT * FROM employees ORDER BY id;
Count all rows in students,SELECT COUNT(*) FROM students;
Show all products,SELECT * FROM products;
Show all products ordered by price,SELECT * FROM products ORDER BY price;
Show product_id from products where stock < 90,SELECT product_id FROM products WHERE stock < 90;
Show all customers ordered by customer_id,SELECT * FROM customers ORDER BY customer_id;
Show all products ordered by product_id,SELECT * FROM products ORDER BY product_id;
Find average stock in products,SELECT AVG(stock) FROM products;
Find all records in students where marks > 10,SELECT * FROM students WHERE marks > 10;
Find all records in products where category <= 10,SELECT * FROM products WHERE category <= 10;
Show all students ordered by name,SELECT * FROM students ORDER BY name;
Find minimum date in orders,SELECT MIN(date) FROM orders;
Show id from employees where department = 30,SELECT id FROM employees WHERE department = 30;
Show all orders,SELECT * FROM orders;
Find all records in customers where city >= 90,SELECT * FROM customers WHERE city >= 90;
Show customer_id from customers where city > 10,SELECT customer_id FROM customers WHERE city > 10;
Find maximum order_id in orders,SELECT MAX(order_id) FROM orders;
Find minimum date in orders,SELECT MIN(date) FROM orders;
Find all records in orders where amount >= 90,SELECT * FROM orders WHERE amount >= 90;
Show membership from customers where customer_id = 60,SELECT membership FROM customers WHERE customer_id = 60;
Find maximum customer_id in orders,SELECT MAX(customer_id) FROM orders;
List all marks from students,SELECT marks FROM students;
Find average price in products,SELECT AVG(price) FROM products;
Find all records in products where category >= 30,SELECT * FROM products WHERE category >= 30;
List all department from students,SELECT department FROM students;
Count all rows in orders,SELECT COUNT(*) FROM orders;
Find maximum age in students,SELECT MAX(age) FROM students;
List all membership from customers,SELECT membership FROM customers;
Show all students,SELECT * FROM students;
List all department from students,SELECT department FROM students;
Find maximum id in employees,SELECT MAX(id) FROM employees;
Find minimum marks in students,SELECT MIN(marks) FROM students;
List all department from students,SELECT department FROM students;
Show all customers,SELECT * FROM customers;
Show all customers,SELECT * FROM customers;
Find maximum marks in students,SELECT MAX(marks) FROM students;
Count all rows in customers,SELECT COUNT(*) FROM customers;
Show city from customers where city <= 70,SELECT city FROM customers WHERE city <= 70;
Count all rows in employees,SELECT COUNT(*) FROM employees;
Show date from orders where customer_id <= 100,SELECT date FROM orders WHERE customer_id <= 100;
Find minimum id in employees,SELECT MIN(id) FROM employees;
List all id from students,SELECT id FROM students;
Show amount from orders where status >= 60,SELECT amount FROM orders WHERE status >= 60;
Find minimum customer_id in orders,SELECT MIN(customer_id) FROM orders;
Find all records in orders where order_id >= 40,SELECT * FROM orders WHERE order_id >= 40;
Find minimum status in orders,SELECT MIN(status) FROM orders;
Show date from orders where amount <= 80,SELECT date FROM orders WHERE amount <= 80;
Show amount from orders where date < 80,SELECT amount FROM orders WHERE date < 80;
Find average city in customers,SELECT AVG(city) FROM customers;
Show product_id from products where price < 80,SELECT product_id FROM products WHERE price < 80;
Count all rows in products,SELECT COUNT(*) FROM products;
Show name from customers where membership = 20,SELECT name FROM customers WHERE membership = 20;
Show all students ordered by marks,SELECT * FROM students ORDER BY marks;
Show customer_id from customers where membership <= 20,SELECT customer_id FROM customers WHERE membership <= 20;
Count all rows in products,SELECT COUNT(*) FROM products;
Show department from students where department > 80,SELECT department FROM students WHERE department > 80;
List all product_id from products,SELECT product_id FROM products;
Show all orders,SELECT * FROM orders;
Find minimum department in employees,SELECT MIN(department) FROM employees;
Show salary from employees where department < 80,SELECT salary FROM employees WHERE department < 80;
Find minimum department in employees,SELECT MIN(department) FROM employees;
Find maximum id in students,SELECT MAX(id) FROM students;
Count all rows in orders,SELECT COUNT(*) FROM orders;
Find minimum customer_id in customers,SELECT MIN(customer_id) FROM customers;
Find minimum department in students,SELECT MIN(department) FROM students;
Count all rows in students,SELECT COUNT(*) FROM students;
Find average customer_id in orders,SELECT AVG(customer_id) FROM orders;
Count all rows in orders,SELECT COUNT(*) FROM orders;
Find maximum category in products,SELECT MAX(category) FROM products;
Find maximum status in orders,SELECT MAX(status) FROM orders;
Count all rows in products,SELECT COUNT(*) FROM products;
Show all orders,SELECT * FROM orders;
Count all rows in students,SELECT COUNT(*) FROM students;
Count all rows in students,SELECT COUNT(*) FROM students;
Count all rows in orders,SELECT COUNT(*) FROM orders;
Count all rows in customers,SELECT COUNT(*) FROM customers;
List all id from employees,SELECT id FROM employees;
Find maximum customer_id in customers,SELECT MAX(customer_id) FROM customers;
List all product_id from products,SELECT product_id FROM products;
Show all students,SELECT * FROM students;
Find minimum price in products,SELECT MIN(price) FROM products;
Show all students,SELECT * FROM students;
Count all rows in products,SELECT COUNT(*) FROM products;
Find minimum name in students,SELECT MIN(name) FROM students;
Show name from students where marks < 70,SELECT name FROM students WHERE marks < 70;
Find average status in orders,SELECT AVG(status) FROM orders;
Find all records in orders where amount >= 50,SELECT * FROM orders WHERE amount >= 50;
List all customer_id from orders,SELECT customer_id FROM orders;
List all city from customers,SELECT city FROM customers;
Find all records in customers where age >= 40,SELECT * FROM customers WHERE age >= 40;
List all city from customers,SELECT city FROM customers;
Show all students ordered by age,SELECT * FROM students ORDER BY age;
Show amount from orders where amount > 30,SELECT amount FROM orders WHERE amount > 30;
List all order_id from orders,SELECT order_id FROM orders;
Show all products,SELECT * FROM products;
Show all employees,SELECT * FROM employees;
Find maximum salary in employees,SELECT MAX(salary) FROM employees;
Show marks from students where name >= 20,SELECT marks FROM students WHERE name >= 20;
Show all customers ordered by membership,SELECT * FROM customers ORDER BY membership;
Find all records in students where name >= 20,SELECT * FROM students WHERE name >= 20;
List all name from students,SELECT name FROM students;
Count all rows in employees,SELECT COUNT(*) FROM employees;
List all amount from orders,SELECT amount FROM orders;
Find all records in students where name > 20,SELECT * FROM students WHERE name > 20;
Find all records in orders where status >= 60,SELECT * FROM orders WHERE status >= 60;
Find all records in students where id < 60,SELECT * FROM students WHERE id < 60;
Show all employees,SELECT * FROM employees;
List all city from customers,SELECT city FROM customers;
List all product_id from products,SELECT product_id FROM products;
Show stock from products where stock <= 30,SELECT stock FROM products WHERE stock <= 30;
Find minimum name in students,SELECT MIN(name) FROM students;
Find all records in customers where membership <= 90,SELECT * FROM customers WHERE membership <= 90;
Find all records in customers where customer_id = 70,SELECT * FROM customers WHERE customer_id = 70;
Find all records in students where name > 50,SELECT * FROM students WHERE name > 50;
Find average membership in customers,SELECT AVG(membership) FROM customers;
Find maximum id in employees,SELECT MAX(id) FROM employees;
Find minimum amount in orders,SELECT MIN(amount) FROM orders;
Find average department in students,SELECT AVG(department) FROM students;
Find average salary in employees,SELECT AVG(salary) FROM employees;
Find maximum name in products,SELECT MAX(name) FROM products;
Show all products ordered by price,SELECT * FROM products ORDER BY price;
Show all orders ordered by amount,SELECT * FROM orders ORDER BY amount;
Find maximum salary in employees,SELECT MAX(salary) FROM employees;
Show all orders ordered by customer_id,SELECT * FROM orders ORDER BY customer_id;
Show order_id from orders where status = 10,SELECT order_id FROM orders WHERE status = 10;
Show all orders ordered by order_id,SELECT * FROM orders ORDER BY order_id;
Find maximum department in students,SELECT MAX(department) FROM students;
Find maximum age in customers,SELECT MAX(age) FROM customers;
Show all customers,SELECT * FROM customers;
Find average product_id in products,SELECT AVG(product_id) FROM products;
Show all products ordered by price,SELECT * FROM products ORDER BY price;
Show all customers,SELECT * FROM customers;
List all category from products,SELECT category FROM products;
Find all records in employees where id >= 40,SELECT * FROM employees WHERE id >= 40;
Find minimum age in customers,SELECT MIN(age) FROM customers;
Show customer_id from customers where name >= 70,SELECT customer_id FROM customers WHERE name >= 70;
Show all customers,SELECT * FROM customers;
Count all rows in orders,SELECT COUNT(*) FROM orders;
List all city from customers,SELECT city FROM customers;
Find maximum city in customers,SELECT MAX(city) FROM customers;
Find all records in products where price = 20,SELECT * FROM products WHERE price = 20;
Show all orders ordered by customer_id,SELECT * FROM orders ORDER BY customer_id;
Show all customers,SELECT * FROM customers;
Find average date in orders,SELECT AVG(date) FROM orders;
Show all customers ordered by age,SELECT * FROM customers ORDER BY age;
Show all students ordered by name,SELECT * FROM students ORDER BY name;
Find minimum amount in orders,SELECT MIN(amount) FROM orders;
Find average department in employees,SELECT AVG(department) FROM employees;
List all id from students,SELECT id FROM students;
Find maximum age in customers,SELECT MAX(age) FROM customers;
Count all rows in employees,SELECT COUNT(*) FROM employees;
Show all students,SELECT * FROM students;
Find maximum department in students,SELECT MAX(department) FROM students;
Show customer_id from customers where age > 80,SELECT customer_id FROM customers WHERE age > 80;
Show all orders,SELECT * FROM orders;
Count all rows in products,SELECT COUNT(*) FROM products;
Show all customers,SELECT * FROM customers;
List all product_id from products,SELECT product_id FROM products;
Find average city in customers,SELECT AVG(city) FROM customers;
Find minimum stock in products,SELECT MIN(stock) FROM products;
Find all records in orders where customer_id < 100,SELECT * FROM orders WHERE customer_id < 100;
Find all records in products where stock <= 50,SELECT * FROM products WHERE stock <= 50;
Show all orders,SELECT * FROM orders;
Show age from customers where membership < 50,SELECT age FROM customers WHERE membership < 50;
Find maximum id in students,SELECT MAX(id) FROM students;
Find minimum department in employees,SELECT MIN(department) FROM employees;
Find average name in employees,SELECT AVG(name) FROM employees;
Find all records in products where price < 70,SELECT * FROM products WHERE price < 70;
List all id from employees,SELECT id FROM employees;
Count all rows in products,SELECT COUNT(*) FROM products;
Show all students ordered by department,SELECT * FROM students ORDER BY department;
List all id from students,SELECT id FROM students;
Show all employees,SELECT * FROM employees;
Show name from employees where age > 10,SELECT name FROM employees WHERE age > 10;
Find maximum name in customers,SELECT MAX(name) FROM customers;
Show amount from orders where status >= 50,SELECT amount FROM orders WHERE status >= 50;
Find all records in customers where membership >= 100,SELECT * FROM customers WHERE membership >= 100;
Show all orders ordered by customer_id,SELECT * FROM orders ORDER BY customer_id;
Show all orders,SELECT * FROM orders;
Show marks from students where age = 40,SELECT marks FROM students WHERE age = 40;
Show all students,SELECT * FROM students;
Show all employees,SELECT * FROM employees;
Find average department in employees,SELECT AVG(department) FROM employees;
Show age from customers where name < 50,SELECT age FROM customers WHERE name < 50;
Show name from students where marks <= 50,SELECT name FROM students WHERE marks <= 50;
Show all students ordered by age,SELECT * FROM students ORDER BY age;
Count all rows in employees,SELECT COUNT(*) FROM employees;
List all stock from products,SELECT stock FROM products;
Find average age in students,SELECT AVG(age) FROM students;
Find average product_id in products,SELECT AVG(product_id) FROM products;
Find average stock in products,SELECT AVG(stock) FROM products;
List all name from products,SELECT name FROM products;
Find maximum name in products,SELECT MAX(name) FROM products;
Find all records in orders where date > 30,SELECT * FROM orders WHERE date > 30;
Find average customer_id in customers,SELECT AVG(customer_id) FROM customers;
Show all employees,SELECT * FROM employees;
Find all records in customers where age > 80,SELECT * FROM customers WHERE age > 80;
Find all records in employees where age > 60,SELECT * FROM employees WHERE age > 60;
Find all records in customers where age = 90,SELECT * FROM customers WHERE age = 90;
Count all rows in products,SELECT COUNT(*) FROM products;
Show customer_id from orders where status < 60,SELECT customer_id FROM orders WHERE status < 60;
Find minimum membership in customers,SELECT MIN(membership) FROM customers;
Show all employees,SELECT * FROM employees;
List all name from customers,SELECT name FROM customers;
List all age from employees,SELECT age FROM employees;
Show age from employees where age < 50,SELECT age FROM employees WHERE age < 50;
Find minimum city in customers,SELECT MIN(city) FROM customers;
Show age from customers where membership < 90,SELECT age FROM customers WHERE membership < 90;
Find minimum age in customers,SELECT MIN(age) FROM customers;
Find average city in customers,SELECT AVG(city) FROM customers;
Find average status in orders,SELECT AVG(status) FROM orders;
Find maximum id in employees,SELECT MAX(id) FROM employees;
Find maximum customer_id in orders,SELECT MAX(customer_id) FROM orders;
Find average status in orders,SELECT AVG(status) FROM orders;
Find all records in orders where order_id <= 40,SELECT * FROM orders WHERE order_id <= 40;
Count all rows in orders,SELECT COUNT(*) FROM orders;
Find average price in products,SELECT AVG(price) FROM products;
Find all records in products where category = 90,SELECT * FROM products WHERE category = 90;
Find average customer_id in customers,SELECT AVG(customer_id) FROM customers;
Show all employees,SELECT * FROM employees;
Show all customers,SELECT * FROM customers;
Count all rows in students,SELECT COUNT(*) FROM students;
Count all rows in customers,SELECT COUNT(*) FROM customers;
Show department from students where name < 10,SELECT department FROM students WHERE name < 10;
Find all records in employees where name > 100,SELECT * FROM employees WHERE name > 100;
Find minimum name in employees,SELECT MIN(name) FROM employees;
Find maximum date in orders,SELECT MAX(date) FROM orders;
Show all employees ordered by id,SELECT * FROM employees ORDER BY id;
List all age from students,SELECT age FROM students;
Find maximum membership in customers,SELECT MAX(membership) FROM customers;
Show product_id from products where category > 80,SELECT product_id FROM products WHERE category > 80;
Find all records in employees where department <= 80,SELECT * FROM employees WHERE department <= 80;
Count all rows in orders,SELECT COUNT(*) FROM orders;
Show city from customers where membership < 10,SELECT city FROM customers WHERE membership < 10;
Show age from students where name < 50,SELECT age FROM students WHERE name < 50;
Show id from employees where age < 70,SELECT id FROM employees WHERE age < 70;
Count all rows in employees,SELECT COUNT(*) FROM employees;
Find all records in products where name = 40,SELECT * FROM products WHERE name = 40;
Show all customers,SELECT * FROM customers;
Find maximum name in students,SELECT MAX(name) FROM students;
Count all rows in customers,SELECT COUNT(*) FROM customers;
Count all rows in orders,SELECT COUNT(*) FROM orders;
Find average category in products,SELECT AVG(category) FROM products;
Find all records in customers where customer_id <= 30,SELECT * FROM customers WHERE customer_id <= 30;
Find average salary in employees,SELECT AVG(salary) FROM employees;
Count all rows in employees,SELECT COUNT(*) FROM employees;
Find average customer_id in orders,SELECT AVG(customer_id) FROM orders;
Count all rows in employees,SELECT COUNT(*) FROM employees;
List all category from products,SELECT category FROM products;
List all age from students,SELECT age FROM students;
Find average customer_id in orders,SELECT AVG(customer_id) FROM orders;
List all age from employees,SELECT age FROM employees;
Show department from students where name >= 30,SELECT department FROM students WHERE name >= 30;
Find all records in employees where salary = 80,SELECT * FROM employees WHERE salary = 80;
Show all orders,SELECT * FROM orders;
Show order_id from orders where customer_id < 30,SELECT order_id FROM orders WHERE customer_id < 30;
Show all customers,SELECT * FROM customers;
Show all students,SELECT * FROM students;
Count all rows in employees,SELECT COUNT(*) FROM employees;
Count all rows in orders,SELECT COUNT(*) FROM orders;
Find minimum amount in orders,SELECT MIN(amount) FROM orders;
Find average age in customers,SELECT AVG(age) FROM customers;
Show all customers,SELECT * FROM customers;
Show all customers,SELECT * FROM customers;
Find all records in customers where age > 90,SELECT * FROM customers WHERE age > 90;
Show city from customers where customer_id > 90,SELECT city FROM customers WHERE customer_id > 90;
List all id from employees,SELECT id FROM employees;
Show all orders ordered by customer_id,SELECT * FROM orders ORDER BY customer_id;
Show all employees ordered by salary,SELECT * FROM employees ORDER BY salary;
Show all products ordered by stock,SELECT * FROM products ORDER BY stock;
Find maximum department in employees,SELECT MAX(department) FROM employees;
Find maximum age in students,SELECT MAX(age) FROM students;
Count all rows in students,SELECT COUNT(*) FROM students;
Show name from students where name <= 90,SELECT name FROM students WHERE name <= 90;
Show order_id from orders where order_id > 90,SELECT order_id FROM orders WHERE order_id > 90;
Find all records in orders where amount > 100,SELECT * FROM orders WHERE amount > 100;
Find minimum amount in orders,SELECT MIN(amount) FROM orders;
Count all rows in employees,SELECT COUNT(*) FROM employees;
Show order_id from orders where date >= 80,SELECT order_id FROM orders WHERE date >= 80;
Count all rows in orders,SELECT COUNT(*) FROM orders;
Show department from employees where name = 20,SELECT department FROM employees WHERE name = 20;
Find all records in customers where membership > 20,SELECT * FROM customers WHERE membership > 20;
Show all students,SELECT * FROM students;
Show all students,SELECT * FROM students;
Find maximum date in orders,SELECT MAX(date) FROM orders;
List all membership from customers,SELECT membership FROM customers;
Count all rows in orders,SELECT COUNT(*) FROM orders;
Show all employees ordered by name,SELECT * FROM employees ORDER BY name;
Show all orders,SELECT * FROM orders;
Find minimum amount in orders,SELECT MIN(amount) FROM orders;
Find maximum id in students,SELECT MAX(id) FROM students;
Find minimum department in employees,SELECT MIN(department) FROM employees;
List all id from students,SELECT id FROM students;
Count all rows in students,SELECT COUNT(*) FROM students;
Find minimum order_id in orders,SELECT MIN(order_id) FROM orders;
Count all rows in customers,SELECT COUNT(*) FROM customers;
Find all records in employees where department > 60,SELECT * FROM employees WHERE department > 60;
Find average name in customers,SELECT AVG(name) FROM customers;
Find maximum department in students,SELECT MAX(department) FROM students;
Show customer_id from customers where membership < 80,SELECT customer_id FROM customers WHERE membership < 80;
Find average name in students,SELECT AVG(name) FROM students;
Find average price in products,SELECT AVG(price) FROM products;
List all membership from customers,SELECT membership FROM customers;
Count all rows in employees,SELECT COUNT(*) FROM employees;
Show department from students where age >= 50,SELECT department FROM students WHERE age >= 50;
Show all customers ordered by age,SELECT * FROM customers ORDER BY age;
Show department from students where marks < 30,SELECT department FROM students WHERE marks < 30;
Find all records in students where department = 100,SELECT * FROM students WHERE department = 100;
Show all orders,SELECT * FROM orders;
Find minimum id in employees,SELECT MIN(id) FROM employees;
Find all records in employees where salary < 10,SELECT * FROM employees WHERE salary < 10;
Find all records in students where department < 70,SELECT * FROM students WHERE department < 70;
Show all customers,SELECT * FROM customers;
Find average customer_id in customers,SELECT AVG(customer_id) FROM customers;
Find average department in employees,SELECT AVG(department) FROM employees;
Show name from products where product_id = 100,SELECT name FROM products WHERE product_id = 100;
Find average date in orders,SELECT AVG(date) FROM orders;
Find maximum name in students,SELECT MAX(name) FROM students;
Count all rows in products,SELECT COUNT(*) FROM products;
Find minimum marks in students,SELECT MIN(marks) FROM students;
Find all records in employees where id = 80,SELECT * FROM employees WHERE id = 80;
Show price from products where product_id < 70,SELECT price FROM products WHERE product_id < 70;
Find average category in products,SELECT AVG(category) FROM products;
Find minimum status in orders,SELECT MIN(status) FROM orders;
Find maximum membership in customers,SELECT MAX(membership) FROM customers;
Find minimum category in products,SELECT MIN(category) FROM products;
Show all orders,SELECT * FROM orders;
Find all records in customers where membership <= 90,SELECT * FROM customers WHERE membership <= 90;
Find all records in customers where city <= 60,SELECT * FROM customers WHERE city <= 60;
Show all orders,SELECT * FROM orders;
Show all products,SELECT * FROM products;
Count all rows in products,SELECT COUNT(*) FROM products;
Find average order_id in orders,SELECT AVG(order_id) FROM orders;
Find average age in students,SELECT AVG(age) FROM students;
Find average city in customers,SELECT AVG(city) FROM customers;
Find minimum age in customers,SELECT MIN(age) FROM customers;
Find all records in orders where customer_id = 70,SELECT * FROM orders WHERE customer_id = 70;
Find average date in orders,SELECT AVG(date) FROM orders;
Find maximum age in students,SELECT MAX(age) FROM students;
Find minimum customer_id in orders,SELECT MIN(customer_id) FROM orders;
Show all students,SELECT * FROM students;
Count all rows in students,SELECT COUNT(*) FROM students;
Show customer_id from customers where customer_id <= 10,SELECT customer_id FROM customers WHERE customer_id <= 10;
Find maximum age in employees,SELECT MAX(age) FROM employees;
Find minimum order_id in orders,SELECT MIN(order_id) FROM orders;
List all department from students,SELECT department FROM students;
Show all employees ordered by department,SELECT * FROM employees ORDER BY department;
Show all products,SELECT * FROM products;
Count all rows in employees,SELECT COUNT(*) FROM employees;
Find average date in orders,SELECT AVG(date) FROM orders;
Find all records in students where department <= 40,SELECT * FROM students WHERE department <= 40;
Find minimum name in students,SELECT MIN(name) FROM students;
Find minimum id in employees,SELECT MIN(id) FROM employees;
Show all customers,SELECT * FROM customers;
Count all rows in products,SELECT COUNT(*) FROM products;
Show all employees,SELECT * FROM employees;
Show all students,SELECT * FROM students;
Find minimum category in products,SELECT MIN(category) FROM products;
Show all products ordered by stock,SELECT * FROM products ORDER BY stock;
List all id from students,SELECT id FROM students;
Find minimum id in employees,SELECT MIN(id) FROM employees;
Find maximum department in students,SELECT MAX(department) FROM students;
Find average marks in students,SELECT AVG(marks) FROM students;
Find all records in products where name <= 80,SELECT * FROM products WHERE name <= 80;
Count all rows in customers,SELECT COUNT(*) FROM customers;
Show all customers,SELECT * FROM customers;
List all name from customers,SELECT name FROM customers;
List all id from students,SELECT id FROM students;
Find maximum customer_id in orders,SELECT MAX(customer_id) FROM orders;
Find maximum date in orders,SELECT MAX(date) FROM orders;
Show all employees,SELECT * FROM employees;
Find all records in customers where age = 50,SELECT * FROM customers WHERE age = 50;
Find minimum age in employees,SELECT MIN(age) FROM employees;
Find all records in employees where id >= 10,SELECT * FROM employees WHERE id >= 10;
Find average salary in employees,SELECT AVG(salary) FROM employees;
Show id from employees where name <= 70,SELECT id FROM employees WHERE name <= 70;
Find minimum stock in products,SELECT MIN(stock) FROM products;
Find maximum id in students,SELECT MAX(id) FROM students;
Count all rows in students,SELECT COUNT(*) FROM students;
Show all employees ordered by department,SELECT * FROM employees ORDER BY department;
Show all employees ordered by department,SELECT * FROM employees ORDER BY department;
Show order_id from orders where amount >= 10,SELECT order_id FROM orders WHERE amount >= 10;
Count all rows in products,SELECT COUNT(*) FROM products;
List all id from employees,SELECT id FROM employees;
List all date from orders,SELECT date FROM orders;
Find all records in orders where amount >= 30,SELECT * FROM orders WHERE amount >= 30;
Find maximum salary in employees,SELECT MAX(salary) FROM employees;
Count all rows in employees,SELECT COUNT(*) FROM employees;
Find maximum salary in employees,SELECT MAX(salary) FROM employees;
Find minimum age in customers,SELECT MIN(age) FROM customers;
Find average customer_id in orders,SELECT AVG(customer_id) FROM orders;
Show amount from orders where customer_id >= 60,SELECT amount FROM orders WHERE customer_id >= 60;
List all customer_id from orders,SELECT customer_id FROM orders;
Find average status in orders,SELECT AVG(status) FROM orders;
Find minimum name in products,SELECT MIN(name) FROM products;
Count all rows in orders,SELECT COUNT(*) FROM orders;
Count all rows in orders,SELECT COUNT(*) FROM orders;
Find minimum category in products,SELECT MIN(category) FROM products;
Count all rows in orders,SELECT COUNT(*) FROM orders;
Show name from employees where id = 50,SELECT name FROM employees WHERE id = 50;
Find minimum age in employees,SELECT MIN(age) FROM employees;
List all amount from orders,SELECT amount FROM orders;
List all name from employees,SELECT name FROM employees;
Find maximum category in products,SELECT MAX(category) FROM products;
Find minimum amount in orders,SELECT MIN(amount) FROM orders;
Find maximum price in products,SELECT MAX(price) FROM products;
Find all records in employees where department > 60,SELECT * FROM employees WHERE department > 60;
Find average price in products,SELECT AVG(price) FROM products;
Count all rows in products,SELECT COUNT(*) FROM products;
Find maximum name in employees,SELECT MAX(name) FROM employees;
Find maximum price in products,SELECT MAX(price) FROM products;
Find minimum price in products,SELECT MIN(price) FROM products;
List all id from employees,SELECT id FROM employees;
Find maximum city in customers,SELECT MAX(city) FROM customers;
Find average customer_id in customers,SELECT AVG(customer_id) FROM customers;
Count all rows in orders,SELECT COUNT(*) FROM orders;
Find all records in customers where customer_id <= 40,SELECT * FROM customers WHERE customer_id <= 40;
Show id from students where marks <= 40,SELECT id FROM students WHERE marks <= 40;
Show all students,SELECT * FROM students;
Find minimum customer_id in orders,SELECT MIN(customer_id) FROM orders;
Count all rows in employees,SELECT COUNT(*) FROM employees;
Show all products ordered by category,SELECT * FROM products ORDER BY category;
Find all records in employees where name = 80,SELECT * FROM employees WHERE name = 80;
Count all rows in students,SELECT COUNT(*) FROM students;
Find maximum department in students,SELECT MAX(department) FROM students;
Find minimum salary in employees,SELECT MIN(salary) FROM employees;
Count all rows in customers,SELECT COUNT(*) FROM customers;
Find all records in orders where date >= 40,SELECT * FROM orders WHERE date >= 40;
List all id from students,SELECT id FROM students;
Show all employees ordered by id,SELECT * FROM employees ORDER BY id;
Find average salary in employees,SELECT AVG(salary) FROM employees;
Find maximum price in products,SELECT MAX(price) FROM products;
Count all rows in students,SELECT COUNT(*) FROM students;
Show all customers,SELECT * FROM customers;
Count all rows in employees,SELECT COUNT(*) FROM employees;
Show all employees,SELECT * FROM employees;
Find all records in employees where id < 10,SELECT * FROM employees WHERE id < 10;
Show name from students where marks >= 60,SELECT name FROM students WHERE marks >= 60;
List all category from products,SELECT category FROM products;
List all department from employees,SELECT department FROM employees;
Show price from products where price < 100,SELECT price FROM products WHERE price < 100;
Find maximum amount in orders,SELECT MAX(amount) FROM orders;
Find minimum salary in employees,SELECT MIN(salary) FROM employees;
Find all records in products where price > 100,SELECT * FROM products WHERE price > 100;
List all name from students,SELECT name FROM students;
Find minimum department in employees,SELECT MIN(department) FROM employees;
Show all customers ordered by name,SELECT * FROM customers ORDER BY name;
Show all customers ordered by membership,SELECT * FROM customers ORDER BY membership;
Find minimum name in employees,SELECT MIN(name) FROM employees;
Show age from employees where age <= 100,SELECT age FROM employees WHERE age <= 100;
Show all employees ordered by id,SELECT * FROM employees ORDER BY id;
List all name from employees,SELECT name FROM employees;
Find all records in products where product_id = 70,SELECT * FROM products WHERE product_id = 70;
Count all rows in employees,SELECT COUNT(*) FROM employees;
Find maximum membership in customers,SELECT MAX(membership) FROM customers;
Find minimum id in employees,SELECT MIN(id) FROM employees;
Find minimum order_id in orders,SELECT MIN(order_id) FROM orders;
Show category from products where stock >= 100,SELECT category FROM products WHERE stock >= 100;
Find maximum customer_id in customers,SELECT MAX(customer_id) FROM customers;
Show all employees,SELECT * FROM employees;
Find average order_id in orders,SELECT AVG(order_id) FROM orders;
Show all students ordered by marks,SELECT * FROM students ORDER BY marks;
Find all records in students where age > 10,SELECT * FROM students WHERE age > 10;
Find all records in employees where name >= 20,SELECT * FROM employees WHERE name >= 20;
Find minimum name in customers,SELECT MIN(name) FROM customers;
Count all rows in customers,SELECT COUNT(*) FROM customers;
Find average salary in employees,SELECT AVG(salary) FROM employees;
Find maximum product_id in products,SELECT MAX(product_id) FROM products;
Find all records in orders where date >= 30,SELECT * FROM orders WHERE date >= 30;
Find maximum name in employees,SELECT MAX(name) FROM employees;
Count all rows in students,SELECT COUNT(*) FROM students;
Find maximum price in products,SELECT MAX(price) FROM products;
Find minimum customer_id in orders,SELECT MIN(customer_id) FROM orders;
Find average age in customers,SELECT AVG(age) FROM customers;
Count all rows in orders,SELECT COUNT(*) FROM orders;
Find minimum order_id in orders,SELECT MIN(order_id) FROM orders;
Find minimum age in students,SELECT MIN(age) FROM students;
Find maximum age in customers,SELECT MAX(age) FROM customers;
List all age from customers,SELECT age FROM customers;
Show membership from customers where name > 90,SELECT membership FROM customers WHERE name > 90;
List all age from customers,SELECT age FROM customers;
Find maximum status in orders,SELECT MAX(status) FROM orders;
List all membership from customers,SELECT membership FROM customers;
Count all rows in employees,SELECT COUNT(*) FROM employees;
Show all orders ordered by amount,SELECT * FROM orders ORDER BY amount;
Find average department in employees,SELECT AVG(department) FROM employees;
Show all students,SELECT * FROM students;
Count all rows in students,SELECT COUNT(*) FROM students;
Count all rows in orders,SELECT COUNT(*) FROM orders;
Show all students ordered by age,SELECT * FROM students ORDER BY age;
Count all rows in students,SELECT COUNT(*) FROM students;
Show all orders ordered by customer_id,SELECT * FROM orders ORDER BY customer_id;
Find minimum salary in employees,SELECT MIN(salary) FROM employees;
Show name from products where price <= 80,SELECT name FROM products WHERE price <= 80;
Count all rows in employees,SELECT COUNT(*) FROM employees;
Find minimum age in employees,SELECT MIN(age) FROM employees;
Find all records in students where id <= 50,SELECT * FROM students WHERE id <= 50;
Find maximum name in students,SELECT MAX(name) FROM students;
Show all employees,SELECT * FROM employees;
Find all records in orders where order_id < 20,SELECT * FROM orders WHERE order_id < 20;
Find maximum age in students,SELECT MAX(age) FROM students;
Count all rows in employees,SELECT COUNT(*) FROM employees;
Find minimum department in employees,SELECT MIN(department) FROM employees;
Show all products ordered by stock,SELECT * FROM products ORDER BY stock;
Count all rows in customers,SELECT COUNT(*) FROM customers;
Show all students,SELECT * FROM students;
Show all customers ordered by name,SELECT * FROM customers ORDER BY name;
Show all orders ordered by date,SELECT * FROM orders ORDER BY date;
Find all records in customers where customer_id = 80,SELECT * FROM customers WHERE customer_id = 80;
Find maximum amount in orders,SELECT MAX(amount) FROM orders;
Find average department in students,SELECT AVG(department) FROM students;
Find all records in students where id <= 80,SELECT * FROM students WHERE id <= 80;
Find maximum city in customers,SELECT MAX(city) FROM customers;
Find average category in products,SELECT AVG(category) FROM products;
Find maximum name in employees,SELECT MAX(name) FROM employees;
Find average category in products,SELECT AVG(category) FROM products;
List all order_id from orders,SELECT order_id FROM orders;
Show name from products where price < 30,SELECT name FROM products WHERE price < 30;
Count all rows in products,SELECT COUNT(*) FROM products;
List all salary from employees,SELECT salary FROM employees;
Show city from customers where customer_id < 80,SELECT city FROM customers WHERE customer_id < 80;
Find average stock in products,SELECT AVG(stock) FROM products;
Find maximum salary in employees,SELECT MAX(salary) FROM employees;
Find minimum name in customers,SELECT MIN(name) FROM customers;
Show all customers,SELECT * FROM customers;
Find all records in customers where age = 70,SELECT * FROM customers WHERE age = 70;
Show all employees,SELECT * FROM employees;
Show all students ordered by department,SELECT * FROM students ORDER BY department;
Find maximum department in students,SELECT MAX(department) FROM students;
Find average name in customers,SELECT AVG(name) FROM customers;
Count all rows in orders,SELECT COUNT(*) FROM orders;
Show all students ordered by name,SELECT * FROM students ORDER BY name;
Show all students ordered by age,SELECT * FROM students ORDER BY age;
Find maximum product_id in products,SELECT MAX(product_id) FROM products;
Show all products,SELECT * FROM products;
Show all customers,SELECT * FROM customers;
Find all records in students where age <= 80,SELECT * FROM students WHERE age <= 80;
Find minimum customer_id in customers,SELECT MIN(customer_id) FROM customers;
Show all customers ordered by city,SELECT * FROM customers ORDER BY city;
List all id from students,SELECT id FROM students;
Find all records in customers where membership > 10,SELECT * FROM customers WHERE membership > 10;
Show all orders ordered by date,SELECT * FROM orders ORDER BY date;
Find minimum marks in students,SELECT MIN(marks) FROM students;
Find average department in students,SELECT AVG(department) FROM students;
Find all records in products where price <= 100,SELECT * FROM products WHERE price <= 100;
Count all rows in employees,SELECT COUNT(*) FROM employees;
Count all rows in products,SELECT COUNT(*) FROM products;
Show all students ordered by marks,SELECT * FROM students ORDER BY marks;
Show all employees,SELECT * FROM employees;
Find minimum amount in orders,SELECT MIN(amount) FROM orders;
Count all rows in employees,SELECT COUNT(*) FROM employees;
Count all rows in products,SELECT COUNT(*) FROM products;
Find minimum salary in employees,SELECT MIN(salary) FROM employees;
Find average name in employees,SELECT AVG(name) FROM employees;
Find minimum category in products,SELECT MIN(category) FROM products;
Find maximum status in orders,SELECT MAX(status) FROM orders;
Find all records in students where name >= 20,SELECT * FROM students WHERE name >= 20;
Find minimum amount in orders,SELECT MIN(amount) FROM orders;
Find all records in orders where date = 60,SELECT * FROM orders WHERE date = 60;
Find maximum salary in employees,SELECT MAX(salary) FROM employees;
Show all orders,SELECT * FROM orders;
Find all records in customers where age >= 30,SELECT * FROM customers WHERE age >= 30;
Find minimum city in customers,SELECT MIN(city) FROM customers;
Show customer_id from customers where customer_id >= 20,SELECT customer_id FROM customers WHERE customer_id >= 20;
List all name from products,SELECT name FROM products;
Show age from students where id >= 90,SELECT age FROM students WHERE id >= 90;
Find average status in orders,SELECT AVG(status) FROM orders;
Show product_id from products where product_id < 40,SELECT product_id FROM products WHERE product_id < 40;
Find minimum stock in products,SELECT MIN(stock) FROM products;
Find minimum amount in orders,SELECT MIN(amount) FROM orders;
Find average age in employees,SELECT AVG(age) FROM employees;
Show all employees ordered by salary,SELECT * FROM employees ORDER BY salary;
Find all records in students where id = 90,SELECT * FROM students WHERE id = 90;
Find all records in customers where membership < 70,SELECT * FROM customers WHERE membership < 70;
Find all records in students where id >= 50,SELECT * FROM students WHERE id >= 50;
Show name from employees where salary < 100,SELECT name FROM employees WHERE salary < 100;
Find average status in orders,SELECT AVG(status) FROM orders;
Count all rows in employees,SELECT COUNT(*) FROM employees;
Find all records in employees where salary <= 80,SELECT * FROM employees WHERE salary <= 80;
Find maximum department in employees,SELECT MAX(department) FROM employees;
List all membership from customers,SELECT membership FROM customers;
Show all customers,SELECT * FROM customers;
Find average amount in orders,SELECT AVG(amount) FROM orders;
Find maximum status in orders,SELECT MAX(status) FROM orders;
Find maximum department in employees,SELECT MAX(department) FROM employees;
Show category from products where price >= 30,SELECT category FROM products WHERE price >= 30;
Find minimum name in employees,SELECT MIN(name) FROM employees;
Show all customers ordered by age,SELECT * FROM customers ORDER BY age;
List all marks from students,SELECT marks FROM students;
Find all records in products where price > 50,SELECT * FROM products WHERE price > 50;
Find minimum price in products,SELECT MIN(price) FROM products;
Find all records in orders where date < 30,SELECT * FROM orders WHERE date < 30;
Count all rows in orders,SELECT COUNT(*) FROM orders;
Show all orders ordered by order_id,SELECT * FROM orders ORDER BY order_id;
Show all employees ordered by id,SELECT * FROM employees ORDER BY id;
Count all rows in employees,SELECT COUNT(*) FROM employees;
Show all products,SELECT * FROM products;
Show all employees,SELECT * FROM employees;
Find average age in employees,SELECT AVG(age) FROM employees;
Show all orders ordered by status,SELECT * FROM orders ORDER BY status;
Find minimum name in customers,SELECT MIN(name) FROM customers;
Find all records in employees where salary > 10,SELECT * FROM employees WHERE salary > 10;
Find average department in employees,SELECT AVG(department) FROM employees;
Show all customers,SELECT * FROM customers;
List all name from students,SELECT name FROM students;
Show all products ordered by price,SELECT * FROM products ORDER BY price;
Show all products,SELECT * FROM products;
Find maximum id in students,SELECT MAX(id) FROM students;
Find minimum customer_id in customers,SELECT MIN(customer_id) FROM customers;
Find minimum id in employees,SELECT MIN(id) FROM employees;
List all name from students,SELECT name FROM students;
Find maximum amount in orders,SELECT MAX(amount) FROM orders;
Find maximum category in products,SELECT MAX(category) FROM products;
Show marks from students where name < 100,SELECT marks FROM students WHERE name < 100;
Show all orders,SELECT * FROM orders;
Count all rows in customers,SELECT COUNT(*) FROM customers;
Show all orders ordered by date,SELECT * FROM orders ORDER BY date;
Show membership from customers where membership >= 90,SELECT membership FROM customers WHERE membership >= 90;
List all status from orders,SELECT status FROM orders;
Find average membership in customers,SELECT AVG(membership) FROM customers;
Show all customers ordered by membership,SELECT * FROM customers ORDER BY membership;
Show all employees ordered by name,SELECT * FROM employees ORDER BY name;
Count all rows in customers,SELECT COUNT(*) FROM customers;
Find all records in customers where name <= 20,SELECT * FROM customers WHERE name <= 20;
List all name from employees,SELECT name FROM employees;
Find average product_id in products,SELECT AVG(product_id) FROM products;
List all amount from orders,SELECT amount FROM orders;
Show all employees ordered by name,SELECT * FROM employees ORDER BY name;
Show amount from orders where order_id <= 70,SELECT amount FROM orders WHERE order_id <= 70;
Show all customers ordered by name,SELECT * FROM customers ORDER BY name;
Find maximum product_id in products,SELECT MAX(product_id) FROM products;
Find minimum status in orders,SELECT MIN(status) FROM orders;
Show date from orders where customer_id >= 100,SELECT date FROM orders WHERE customer_id >= 100;
List all age from customers,SELECT age FROM customers;
Find minimum name in employees,SELECT MIN(name) FROM employees;
List all customer_id from orders,SELECT customer_id FROM orders;
Count all rows in students,SELECT COUNT(*) FROM students;
Show all students,SELECT * FROM students;
Find maximum department in employees,SELECT MAX(department) FROM employees;
List all salary from employees,SELECT salary FROM employees;
List all id from students,SELECT id FROM students;
List all id from employees,SELECT id FROM employees;
Find average category in products,SELECT AVG(category) FROM products;
Show customer_id from customers where name >= 90,SELECT customer_id FROM customers WHERE name >= 90;
Show price from products where stock > 100,SELECT price FROM products WHERE stock > 100;
List all membership from customers,SELECT membership FROM customers;
Find average order_id in orders,SELECT AVG(order_id) FROM orders;
Find minimum id in students,SELECT MIN(id) FROM students;
Show all students ordered by department,SELECT * FROM students ORDER BY department;
Find average age in employees,SELECT AVG(age) FROM employees;
Count all rows in products,SELECT COUNT(*) FROM products;
Find average status in orders,SELECT AVG(status) FROM orders;
Find all records in products where name < 20,SELECT * FROM products WHERE name < 20;
Count all rows in employees,SELECT COUNT(*) FROM employees;
Find minimum age in employees,SELECT MIN(age) FROM employees;
Show all employees ordered by salary,SELECT * FROM employees ORDER BY salary;
Find all records in students where marks > 100,SELECT * FROM students WHERE marks > 100;
Show all orders,SELECT * FROM orders;
Find minimum department in students,SELECT MIN(department) FROM students;
Find maximum id in students,SELECT MAX(id) FROM students;
Count all rows in students,SELECT COUNT(*) FROM students;
Find all records in customers where age > 70,SELECT * FROM customers WHERE age > 70;
Show all products,SELECT * FROM products;
List all product_id from products,SELECT product_id FROM products;
Find maximum age in customers,SELECT MAX(age) FROM customers;
List all department from students,SELECT department FROM students;
Show department from students where name >= 20,SELECT department FROM students WHERE name >= 20;
Show age from customers where membership = 40,SELECT age FROM customers WHERE membership = 40;
Count all rows in products,SELECT COUNT(*) FROM products;
Find minimum name in employees,SELECT MIN(name) FROM employees;
List all name from products,SELECT name FROM products;
Show status from orders where status < 60,SELECT status FROM orders WHERE status < 60;
Show order_id from orders where status <= 60,SELECT order_id FROM orders WHERE status <= 60;
Show all orders,SELECT * FROM orders;
Find minimum stock in products,SELECT MIN(stock) FROM products;
Count all rows in products,SELECT COUNT(*) FROM products;
Find maximum department in students,SELECT MAX(department) FROM students;
Count all rows in students,SELECT COUNT(*) FROM students;
Show all employees,SELECT * FROM employees;
Show all customers ordered by membership,SELECT * FROM customers ORDER BY membership;
Show all employees,SELECT * FROM employees;
Find all records in customers where city < 70,SELECT * FROM customers WHERE city < 70;
Count all rows in students,SELECT COUNT(*) FROM students;
Show customer_id from customers where city = 60,SELECT customer_id FROM customers WHERE city = 60;
Find average age in customers,SELECT AVG(age) FROM customers;
List all membership from customers,SELECT membership FROM customers;
Show customer_id from customers where name <= 60,SELECT customer_id FROM customers WHERE name <= 60;
Find all records in employees where salary = 40,SELECT * FROM employees WHERE salary = 40;
Count all rows in employees,SELECT COUNT(*) FROM employees;
Find all records in employees where salary < 80,SELECT * FROM employees WHERE salary < 80;
Count all rows in customers,SELECT COUNT(*) FROM customers;
Find all records in products where product_id > 90,SELECT * FROM products WHERE product_id > 90;
Find maximum id in students,SELECT MAX(id) FROM students;
Find all records in customers where customer_id > 80,SELECT * FROM customers WHERE customer_id > 80;
Find minimum order_id in orders,SELECT MIN(order_id) FROM orders;
List all customer_id from orders,SELECT customer_id FROM orders;
Show order_id from orders where order_id = 20,SELECT order_id FROM orders WHERE order_id = 20;
Show all products,SELECT * FROM products;
Count all rows in customers,SELECT COUNT(*) FROM customers;
Find average category in products,SELECT AVG(category) FROM products;
Show status from orders where date >= 40,SELECT status FROM orders WHERE date >= 40;
Show all students,SELECT * FROM students;
Show name from employees where age < 30,SELECT name FROM employees WHERE age < 30;
Find average id in students,SELECT AVG(id) FROM students;
Show all orders,SELECT * FROM orders;
List all customer_id from orders,SELECT customer_id FROM orders;
Find average id in students,SELECT AVG(id) FROM students;
Count all rows in customers,SELECT COUNT(*) FROM customers;
Find minimum customer_id in orders,SELECT MIN(customer_id) FROM orders;
Show name from employees where department > 100,SELECT name FROM employees WHERE department > 100;
List all order_id from orders,SELECT order_id FROM orders;
Show all orders,SELECT * FROM orders;
Count all rows in students,SELECT COUNT(*) FROM students;
Find all records in students where marks > 80,SELECT * FROM students WHERE marks > 80;
Find maximum customer_id in orders,SELECT MAX(customer_id) FROM orders;
Show all employees ordered by department,SELECT * FROM employees ORDER BY department;
Find minimum id in employees,SELECT MIN(id) FROM employees;
Show all students,SELECT * FROM students;
Find all records in customers where age = 60,SELECT * FROM customers WHERE age = 60;
List all amount from orders,SELECT amount FROM orders;
Find all records in products where stock = 20,SELECT * FROM products WHERE stock = 20;
Count all rows in products,SELECT COUNT(*) FROM products;
Find average status in orders,SELECT AVG(status) FROM orders;
Find all records in products where name <= 90,SELECT * FROM products WHERE name <= 90;
Show all customers ordered by membership,SELECT * FROM customers ORDER BY membership;
Find maximum name in students,SELECT MAX(name) FROM students;
Find maximum marks in students,SELECT MAX(marks) FROM students;
Show all employees ordered by salary,SELECT * FROM employees ORDER BY salary;
Find maximum id in employees,SELECT MAX(id) FROM employees;
List all amount from orders,SELECT amount FROM orders;
Find maximum age in students,SELECT MAX(age) FROM students;
Count all rows in customers,SELECT COUNT(*) FROM customers;
Show all products ordered by product_id,SELECT * FROM products ORDER BY product_id;
List all age from customers,SELECT age FROM customers;
Count all rows in orders,SELECT COUNT(*) FROM orders;
Find maximum stock in products,SELECT MAX(stock) FROM products;
List all status from orders,SELECT status FROM orders;
Count all rows in customers,SELECT COUNT(*) FROM customers;
Show all employees,SELECT * FROM employees;
Find average order_id in orders,SELECT AVG(order_id) FROM orders;
Count all rows in customers,SELECT COUNT(*) FROM customers;
Find minimum id in students,SELECT MIN(id) FROM students;
Count all rows in customers,SELECT COUNT(*) FROM customers;
Find maximum city in customers,SELECT MAX(city) FROM customers;
Find maximum age in students,SELECT MAX(age) FROM students;
Find minimum age in employees,SELECT MIN(age) FROM employees;
Count all rows in products,SELECT COUNT(*) FROM products;
Find all records in products where stock >= 10,SELECT * FROM products WHERE stock >= 10;
Find all records in customers where customer_id > 50,SELECT * FROM customers WHERE customer_id > 50;
Find average customer_id in orders,SELECT AVG(customer_id) FROM orders;
List all age from employees,SELECT age FROM employees;
Show all customers ordered by age,SELECT * FROM customers ORDER BY age;
Count all rows in customers,SELECT COUNT(*) FROM customers;
Count all rows in employees,SELECT COUNT(*) FROM employees;
Show status from orders where date >= 40,SELECT status FROM orders WHERE date >= 40;
Find all records in customers where city <= 30,SELECT * FROM customers WHERE city <= 30;
Find average marks in students,SELECT AVG(marks) FROM students;
Find all records in products where price > 20,SELECT * FROM products WHERE price > 20;
Find all records in students where id >= 70,SELECT * FROM students WHERE id >= 70;
Find average age in employees,SELECT AVG(age) FROM employees;
Count all rows in orders,SELECT COUNT(*) FROM orders;
Find average name in employees,SELECT AVG(name) FROM employees;
Show all products,SELECT * FROM products;
Find maximum marks in students,SELECT MAX(marks) FROM students;
Find average amount in orders,SELECT AVG(amount) FROM orders;
Find all records in customers where name < 80,SELECT * FROM customers WHERE name < 80;
Find maximum order_id in orders,SELECT MAX(order_id) FROM orders;
Find all records in students where marks <= 40,SELECT * FROM students WHERE marks <= 40;
List all name from products,SELECT name FROM products;
Find average membership in customers,SELECT AVG(membership) FROM customers;
Count all rows in students,SELECT COUNT(*) FROM students;
Find average name in students,SELECT AVG(name) FROM students;
Count all rows in orders,SELECT COUNT(*) FROM orders;
Find maximum name in customers,SELECT MAX(name) FROM customers;
Find average age in employees,SELECT AVG(age) FROM employees;
Find minimum stock in products,SELECT MIN(stock) FROM products;
Find minimum name in students,SELECT MIN(name) FROM students;
Find average order_id in orders,SELECT AVG(order_id) FROM orders;
Find all records in students where department >= 50,SELECT * FROM students WHERE department >= 50;
Show all students,SELECT * FROM students;
List all age from students,SELECT age FROM students;
Find average order_id in orders,SELECT AVG(order_id) FROM orders;
Show all products,SELECT * FROM products;
Find all records in orders where amount = 50,SELECT * FROM orders WHERE amount = 50;
List all marks from students,SELECT marks FROM students;
List all department from employees,SELECT department FROM employees;
Show all customers,SELECT * FROM customers;
Count all rows in products,SELECT COUNT(*) FROM products;
Show all students ordered by marks,SELECT * FROM students ORDER BY marks;
Show category from products where stock > 60,SELECT category FROM products WHERE stock > 60;
Show date from orders where status = 60,SELECT date FROM orders WHERE status = 60;
Find maximum marks in students,SELECT MAX(marks) FROM students;
List all salary from employees,SELECT salary FROM employees;
Show name from students where marks <= 10,SELECT name FROM students WHERE marks <= 10;
Show name from students where age = 70,SELECT name FROM students WHERE age = 70;
Find average customer_id in customers,SELECT AVG(customer_id) FROM customers;
Show all customers,SELECT * FROM customers;
Find maximum customer_id in orders,SELECT MAX(customer_id) FROM orders;
Find minimum order_id in orders,SELECT MIN(order_id) FROM orders;
List all customer_id from customers,SELECT customer_id FROM customers;
Show all employees ordered by department,SELECT * FROM employees ORDER BY department;
Find all records in customers where name <= 100,SELECT * FROM customers WHERE name <= 100;
Show age from students where name < 50,SELECT age FROM students WHERE name < 50;
List all id from students,SELECT id FROM students;
Show all customers ordered by customer_id,SELECT * FROM customers ORDER BY customer_id;
Show all employees,SELECT * FROM employees;
Count all rows in customers,SELECT COUNT(*) FROM customers;
Find maximum age in employees,SELECT MAX(age) FROM employees;
Show all products,SELECT * FROM products;
Find average customer_id in orders,SELECT AVG(customer_id) FROM orders;
Show all employees,SELECT * FROM employees;
Find minimum name in employees,SELECT MIN(name) FROM employees;
Find minimum order_id in orders,SELECT MIN(order_id) FROM orders;
Find average id in students,SELECT AVG(id) FROM students;
Find all records in students where name <= 20,SELECT * FROM students WHERE name <= 20;
Find all records in products where category > 80,SELECT * FROM products WHERE category > 80;
Find average name in products,SELECT AVG(name) FROM products;
Count all rows in customers,SELECT COUNT(*) FROM customers;
Find all records in students where age > 40,SELECT * FROM students WHERE age > 40;
Find minimum department in employees,SELECT MIN(department) FROM employees;
Find average name in employees,SELECT AVG(name) FROM employees;
Show date from orders where amount < 90,SELECT date FROM orders WHERE amount < 90;
Show all customers ordered by city,SELECT * FROM customers ORDER BY city;
Find average department in employees,SELECT AVG(department) FROM employees;
Find all records in employees where salary < 10,SELECT * FROM employees WHERE salary < 10;
Find all records in students where marks <= 100,SELECT * FROM students WHERE marks <= 100;
Find maximum salary in employees,SELECT MAX(salary) FROM employees;
List all name from products,SELECT name FROM products;
Find average order_id in orders,SELECT AVG(order_id) FROM orders;
Find maximum name in products,SELECT MAX(name) FROM products;
Show all students,SELECT * FROM students;
Find minimum marks in students,SELECT MIN(marks) FROM students;
Find minimum price in products,SELECT MIN(price) FROM products;
Find all records in products where product_id >= 80,SELECT * FROM products WHERE product_id >= 80;
Show stock from products where stock < 30,SELECT stock FROM products WHERE stock < 30;
Show all products,SELECT * FROM products;
Find all records in students where id > 60,SELECT * FROM students WHERE id > 60;
Find minimum department in students,SELECT MIN(department) FROM students;
List all marks from students,SELECT marks FROM students;
List all date from orders,SELECT date FROM orders;
Show all products,SELECT * FROM products;
Find minimum stock in products,SELECT MIN(stock) FROM products;
Find all records in employees where age <= 80,SELECT * FROM employees WHERE age <= 80;
Show product_id from products where stock > 100,SELECT product_id FROM products WHERE stock > 100;
Show name from employees where age > 20,SELECT name FROM employees WHERE age > 20;
Find maximum salary in employees,SELECT MAX(salary) FROM employees;
Show age from employees where age < 80,SELECT age FROM employees WHERE age < 80;
Show price from products where stock = 20,SELECT price FROM products WHERE stock = 20;
Count all rows in customers,SELECT COUNT(*) FROM customers;
Show id from students where id >= 100,SELECT id FROM students WHERE id >= 100;
Find maximum city in customers,SELECT MAX(city) FROM customers;
List all salary from employees,SELECT salary FROM employees;
Find minimum category in products,SELECT MIN(category) FROM products;
Find maximum status in orders,SELECT MAX(status) FROM orders;
Find all records in customers where name = 10,SELECT * FROM customers WHERE name = 10;
Show customer_id from orders where customer_id >= 20,SELECT customer_id FROM orders WHERE customer_id >= 20;
Show status from orders where amount = 90,SELECT status FROM orders WHERE amount = 90;
Find average customer_id in customers,SELECT AVG(customer_id) FROM customers;
Find minimum order_id in orders,SELECT MIN(order_id) FROM orders;
Count all rows in orders,SELECT COUNT(*) FROM orders;
Find minimum department in employees,SELECT MIN(department) FROM employees;
Find minimum amount in orders,SELECT MIN(amount) FROM orders;
Find average name in customers,SELECT AVG(name) FROM customers;
Show all employees ordered by name,SELECT * FROM employees ORDER BY name;
List all customer_id from customers,SELECT customer_id FROM customers;
Show membership from customers where membership = 70,SELECT membership FROM customers WHERE membership = 70;
Show all products ordered by stock,SELECT * FROM products ORDER BY stock;
Show all employees,SELECT * FROM employees;
Count all rows in employees,SELECT COUNT(*) FROM employees;
Show all students ordered by age,SELECT * FROM students ORDER BY age;
Show all customers,SELECT * FROM customers;
Find maximum marks in students,SELECT MAX(marks) FROM students;
List all order_id from orders,SELECT order_id FROM orders;
Show marks from students where age < 80,SELECT marks FROM students WHERE age < 80;
List all name from students,SELECT name FROM students;
Show all employees,SELECT * FROM employees;
Show all products,SELECT * FROM products;
Find all records in products where product_id <= 10,SELECT * FROM products WHERE product_id <= 10;
Count all rows in products,SELECT COUNT(*) FROM products;
Show all products,SELECT * FROM products;
Find minimum status in orders,SELECT MIN(status) FROM orders;
Show all products ordered by name,SELECT * FROM products ORDER BY name;
Show all products ordered by category,SELECT * FROM products ORDER BY category;
List all price from products,SELECT price FROM products;
Show all customers,SELECT * FROM customers;
Show department from students where age = 70,SELECT department FROM students WHERE age = 70;
Find minimum age in employees,SELECT MIN(age) FROM employees;
Find all records in products where price > 30,SELECT * FROM products WHERE price > 30;
Show name from employees where id > 90,SELECT name FROM employees WHERE id > 90;
Show all employees,SELECT * FROM employees;
List all category from products,SELECT category FROM products;
Count all rows in orders,SELECT COUNT(*) FROM orders;
Show all students ordered by id,SELECT * FROM students ORDER BY id;
Show all products,SELECT * FROM products;
Show all customers,SELECT * FROM customers;
Find maximum product_id in products,SELECT MAX(product_id) FROM products;
Find minimum stock in products,SELECT MIN(stock) FROM products;
Find minimum salary in employees,SELECT MIN(salary) FROM employees;
List all marks from students,SELECT marks FROM students;
Find minimum customer_id in customers,SELECT MIN(customer_id) FROM customers;
Find minimum price in products,SELECT MIN(price) FROM products;
Find average name in students,SELECT AVG(name) FROM students;
Find minimum status in orders,SELECT MIN(status) FROM orders;
Show all products,SELECT * FROM products;
Find all records in students where department < 80,SELECT * FROM students WHERE department < 80;
Find average membership in customers,SELECT AVG(membership) FROM customers;
Show all products,SELECT * FROM products;
Show age from employees where id < 100,SELECT age FROM employees WHERE id < 100;
Show all students ordered by id,SELECT * FROM students ORDER BY id;
List all salary from employees,SELECT salary FROM employees;
Find maximum membership in customers,SELECT MAX(membership) FROM customers;
Find minimum customer_id in orders,SELECT MIN(customer_id) FROM orders;
Count all rows in customers,SELECT COUNT(*) FROM customers;
Show customer_id from orders where status <= 50,SELECT customer_id FROM orders WHERE status <= 50;
Find maximum amount in orders,SELECT MAX(amount) FROM orders;
Show order_id from orders where amount = 70,SELECT order_id FROM orders WHERE amount = 70;
List all amount from orders,SELECT amount FROM orders;
Count all rows in students,SELECT COUNT(*) FROM students;
Show all customers,SELECT * FROM customers;
Show all customers ordered by city,SELECT * FROM customers ORDER BY city;
Find maximum age in customers,SELECT MAX(age) FROM customers;
Show all orders,SELECT * FROM orders;
Show department from employees where id = 10,SELECT department FROM employees WHERE id = 10;
Find maximum stock in products,SELECT MAX(stock) FROM products;
Find all records in products where stock > 100,SELECT * FROM products WHERE stock > 100;
Find minimum age in employees,SELECT MIN(age) FROM employees;
Find average name in customers,SELECT AVG(name) FROM customers;
Count all rows in products,SELECT COUNT(*) FROM products;
Show city from customers where customer_id >= 20,SELECT city FROM customers WHERE customer_id >= 20;
Show all customers,SELECT * FROM customers;
Show all customers ordered by name,SELECT * FROM customers ORDER BY name;
Count all rows in customers,SELECT COUNT(*) FROM customers;
Count all rows in orders,SELECT COUNT(*) FROM orders;
Show all students ordered by age,SELECT * FROM students ORDER BY age;
Find all records in customers where age = 20,SELECT * FROM customers WHERE age = 20;
List all salary from employees,SELECT salary FROM employees;
List all name from customers,SELECT name FROM customers;
Find maximum age in employees,SELECT MAX(age) FROM employees;
Show all orders ordered by customer_id,SELECT * FROM orders ORDER BY customer_id;
Show all employees ordered by department,SELECT * FROM employees ORDER BY department;
List all order_id from orders,SELECT order_id FROM orders;
Find average name in products,SELECT AVG(name) FROM products;
Show all employees ordered by salary,SELECT * FROM employees ORDER BY salary;
Show all orders,SELECT * FROM orders;
Show all students ordered by department,SELECT * FROM students ORDER BY department;
Count all rows in customers,SELECT COUNT(*) FROM customers;
Find minimum marks in students,SELECT MIN(marks) FROM students;
Find minimum age in employees,SELECT MIN(age) FROM employees;
Find all records in orders where status = 80,SELECT * FROM orders WHERE status = 80;
Find minimum id in students,SELECT MIN(id) FROM students;
Show all orders ordered by date,SELECT * FROM orders ORDER BY date;
Show all employees,SELECT * FROM employees;
Find maximum name in employees,SELECT MAX(name) FROM employees;
Show all customers,SELECT * FROM customers;
Count all rows in students,SELECT COUNT(*) FROM students;
Show all employees,SELECT * FROM employees;
Find minimum age in students,SELECT MIN(age) FROM students;
Show id from employees where age > 60,SELECT id FROM employees WHERE age > 60;
Show department from students where age > 90,SELECT department FROM students WHERE age > 90;
Show all students ordered by department,SELECT * FROM students ORDER BY department;
Show product_id from products where category >= 40,SELECT product_id FROM products WHERE category >= 40;
Count all rows in orders,SELECT COUNT(*) FROM orders;
Find maximum name in students,SELECT MAX(name) FROM students;
Find minimum age in students,SELECT MIN(age) FROM students;
Show all students,SELECT * FROM students;
Show name from students where name > 90,SELECT name FROM students WHERE name > 90;
Show all students,SELECT * FROM students;
Find all records in customers where city > 100,SELECT * FROM customers WHERE city > 100;
Show status from orders where date >= 100,SELECT status FROM orders WHERE date >= 100;
Show department from employees where age <= 50,SELECT department FROM employees WHERE age <= 50;
Find average id in students,SELECT AVG(id) FROM students;
Count all rows in employees,SELECT COUNT(*) FROM employees;
Find average customer_id in orders,SELECT AVG(customer_id) FROM orders;
List all customer_id from orders,SELECT customer_id FROM orders;
Show all employees ordered by salary,SELECT * FROM employees ORDER BY salary;
Find minimum city in customers,SELECT MIN(city) FROM customers;
Show customer_id from orders where customer_id = 60,SELECT customer_id FROM orders WHERE customer_id = 60;
Show all customers ordered by membership,SELECT * FROM customers ORDER BY membership;
Find maximum name in employees,SELECT MAX(name) FROM employees;
Find minimum status in orders,SELECT MIN(status) FROM orders;
Find average age in employees,SELECT AVG(age) FROM employees;
Show id from employees where name <= 50,SELECT id FROM employees WHERE name <= 50;
Find maximum customer_id in customers,SELECT MAX(customer_id) FROM customers;
Show all students ordered by marks,SELECT * FROM students ORDER BY marks;
Find maximum age in employees,SELECT MAX(age) FROM employees;
List all customer_id from customers,SELECT customer_id FROM customers;
Find maximum id in students,SELECT MAX(id) FROM students;
Show id from students where id >= 90,SELECT id FROM students WHERE id >= 90;
Find all records in customers where customer_id = 80,SELECT * FROM customers WHERE customer_id = 80;
Find minimum department in employees,SELECT MIN(department) FROM employees;
Show all employees ordered by id,SELECT * FROM employees ORDER BY id;
Show all employees ordered by department,SELECT * FROM employees ORDER BY department;
Show all students ordered by department,SELECT * FROM students ORDER BY department;
List all department from employees,SELECT department FROM employees;
Find average price in products,SELECT AVG(price) FROM products;
Count all rows in products,SELECT COUNT(*) FROM products;
Find all records in students where name > 50,SELECT * FROM students WHERE name > 50;
Show all orders ordered by order_id,SELECT * FROM orders ORDER BY order_id;
Show all students,SELECT * FROM students;
Find minimum age in customers,SELECT MIN(age) FROM customers;
Find minimum department in students,SELECT MIN(department) FROM students;
Show id from employees where name <= 20,SELECT id FROM employees WHERE name <= 20;
Find maximum age in students,SELECT MAX(age) FROM students;
Find all records in students where marks >= 90,SELECT * FROM students WHERE marks >= 90;
Show all products ordered by category,SELECT * FROM products ORDER BY category;
Show all orders,SELECT * FROM orders;
Find all records in customers where membership = 90,SELECT * FROM customers WHERE membership = 90;
Show all customers ordered by age,SELECT * FROM customers ORDER BY age;
List all date from orders,SELECT date FROM orders;
Find all records in products where stock <= 10,SELECT * FROM products WHERE stock <= 10;
Show all students ordered by name,SELECT * FROM students ORDER BY name;
Find average product_id in products,SELECT AVG(product_id) FROM products;
Show price from products where price = 20,SELECT price FROM products WHERE price = 20;
Show all students,SELECT * FROM students;
Show all customers,SELECT * FROM customers;
Find all records in orders where date > 80,SELECT * FROM orders WHERE date > 80;
Show age from employees where id <= 50,SELECT age FROM employees WHERE id <= 50;
Count all rows in employees,SELECT COUNT(*) FROM employees;
Show all employees,SELECT * FROM employees;
Show all orders ordered by order_id,SELECT * FROM orders ORDER BY order_id;
Find all records in orders where customer_id >= 80,SELECT * FROM orders WHERE customer_id >= 80;
Show all customers ordered by age,SELECT * FROM customers ORDER BY age;
Count all rows in orders,SELECT COUNT(*) FROM orders;
Show all customers,SELECT * FROM customers;
Find average customer_id in orders,SELECT AVG(customer_id) FROM orders;
Count all rows in products,SELECT COUNT(*) FROM products;
Show product_id from products where price = 30,SELECT product_id FROM products WHERE price = 30;
Find minimum order_id in orders,SELECT MIN(order_id) FROM orders;
Count all rows in orders,SELECT COUNT(*) FROM orders;
Find minimum membership in customers,SELECT MIN(membership) FROM customers;
Find all records in products where stock = 90,SELECT * FROM products WHERE stock = 90;
Find minimum age in customers,SELECT MIN(age) FROM customers;
Show department from employees where salary >= 40,SELECT department FROM employees WHERE salary >= 40;
Find minimum amount in orders,SELECT MIN(amount) FROM orders;
Find average customer_id in orders,SELECT AVG(customer_id) FROM orders;
Show all products ordered by price,SELECT * FROM products ORDER BY price;
Find average id in employees,SELECT AVG(id) FROM employees;
Show stock from products where stock > 90,SELECT stock FROM products WHERE stock > 90;
Find maximum product_id in products,SELECT MAX(product_id) FROM products;
Show age from students where name > 50,SELECT age FROM students WHERE name > 50;
Show all customers ordered by customer_id,SELECT * FROM customers ORDER BY customer_id;
List all category from products,SELECT category FROM products;
Show marks from students where department = 30,SELECT marks FROM students WHERE department = 30;
Find maximum product_id in products,SELECT MAX(product_id) FROM products;
List all name from students,SELECT name FROM students;
Show all customers ordered by age,SELECT * FROM customers ORDER BY age;
Count all rows in students,SELECT COUNT(*) FROM students;
Find average customer_id in orders,SELECT AVG(customer_id) FROM orders;
Show price from products where product_id >= 50,SELECT price FROM products WHERE product_id >= 50;
Find maximum name in students,SELECT MAX(name) FROM students;
Find average product_id in products,SELECT AVG(product_id) FROM products;
Find maximum department in students,SELECT MAX(department) FROM students;
Find minimum marks in students,SELECT MIN(marks) FROM students;
List all price from products,SELECT price FROM products;
Find average membership in customers,SELECT AVG(membership) FROM customers;
Find maximum id in employees,SELECT MAX(id) FROM employees;
Find all records in products where stock > 50,SELECT * FROM products WHERE stock > 50;
Count all rows in students,SELECT COUNT(*) FROM students;
Find average age in employees,SELECT AVG(age) FROM employees;
Show customer_id from orders where customer_id <= 100,SELECT customer_id FROM orders WHERE customer_id <= 100;
Count all rows in customers,SELECT COUNT(*) FROM customers;
Count all rows in employees,SELECT COUNT(*) FROM employees;
Find minimum age in customers,SELECT MIN(age) FROM customers;
Count all rows in customers,SELECT COUNT(*) FROM customers;
Show all employees ordered by age,SELECT * FROM employees ORDER BY age;
Show all students ordered by id,SELECT * FROM students ORDER BY id;
Count all rows in employees,SELECT COUNT(*) FROM employees;
Show all products ordered by price,SELECT * FROM products ORDER BY price;
Show all products,SELECT * FROM products;
Show all students ordered by id,SELECT * FROM students ORDER BY id;
List all order_id from orders,SELECT order_id FROM orders;
Find minimum name in employees,SELECT MIN(name) FROM employees;
Count all rows in students,SELECT COUNT(*) FROM students;
Find maximum product_id in products,SELECT MAX(product_id) FROM products;
Find all records in students where name = 30,SELECT * FROM students WHERE name = 30;
List all id from students,SELECT id FROM students;
Find average customer_id in orders,SELECT AVG(customer_id) FROM orders;
Find average city in customers,SELECT AVG(city) FROM customers;
Find average id in students,SELECT AVG(id) FROM students;
Show all employees,SELECT * FROM employees;
Find maximum department in students,SELECT MAX(department) FROM students;
Show all products ordered by category,SELECT * FROM products ORDER BY category;
List all name from students,SELECT name FROM students;
Find maximum price in products,SELECT MAX(price) FROM products;
Find average customer_id in orders,SELECT AVG(customer_id) FROM orders;
Find average age in students,SELECT AVG(age) FROM students;
Find average age in students,SELECT AVG(age) FROM students;
Show category from products where name <= 100,SELECT category FROM products WHERE name <= 100;
Find all records in products where name > 90,SELECT * FROM products WHERE name > 90;
Find maximum id in employees,SELECT MAX(id) FROM employees;
Find all records in orders where amount = 30,SELECT * FROM orders WHERE amount = 30;
Show all products ordered by stock,SELECT * FROM products ORDER BY stock;
Show all products,SELECT * FROM products;
Show salary from employees where id = 50,SELECT salary FROM employees WHERE id = 50;
Find maximum age in students,SELECT MAX(age) FROM students;
Find average customer_id in orders,SELECT AVG(customer_id) FROM orders;
Find all records in customers where membership = 100,SELECT * FROM customers WHERE membership = 100;
Show all students,SELECT * FROM students;
Find maximum department in students,SELECT MAX(department) FROM students;
List all product_id from products,SELECT product_id FROM products;
List all stock from products,SELECT stock FROM products;
Find minimum stock in products,SELECT MIN(stock) FROM products;
Find all records in employees where department < 60,SELECT * FROM employees WHERE department < 60;
Show all orders,SELECT * FROM orders;
Show all employees,SELECT * FROM employees;
Find maximum membership in customers,SELECT MAX(membership) FROM customers;
Find maximum name in employees,SELECT MAX(name) FROM employees;
Show all customers ordered by membership,SELECT * FROM customers ORDER BY membership;
Find maximum id in employees,SELECT MAX(id) FROM employees;
Count all rows in products,SELECT COUNT(*) FROM products;
Count all rows in employees,SELECT COUNT(*) FROM employees;
Find minimum id in employees,SELECT MIN(id) FROM employees;
Find minimum stock in products,SELECT MIN(stock) FROM products;
Show all products ordered by name,SELECT * FROM products ORDER BY name;
Show category from products where product_id = 30,SELECT category FROM products WHERE product_id = 30;
Show all products,SELECT * FROM products;
List all name from customers,SELECT name FROM customers;
List all amount from orders,SELECT amount FROM orders;
Find minimum name in employees,SELECT MIN(name) FROM employees;
Find maximum id in employees,SELECT MAX(id) FROM employees;
Show all students ordered by department,SELECT * FROM students ORDER BY department;
Show all customers ordered by membership,SELECT * FROM customers ORDER BY membership;
List all category from products,SELECT category FROM products;
Show all students,SELECT * FROM students;
Show all products,SELECT * FROM products;
List all salary from employees,SELECT salary FROM employees;
Find minimum product_id in products,SELECT MIN(product_id) FROM products;
Show all customers ordered by age,SELECT * FROM customers ORDER BY age;
Show all products ordered by product_id,SELECT * FROM products ORDER BY product_id;
Find maximum amount in orders,SELECT MAX(amount) FROM orders;
List all customer_id from customers,SELECT customer_id FROM customers;
Find minimum amount in orders,SELECT MIN(amount) FROM orders;
Show salary from employees where salary <= 10,SELECT salary FROM employees WHERE salary <= 10;
List all salary from employees,SELECT salary FROM employees;
Show all orders ordered by date,SELECT * FROM orders ORDER BY date;
Show all customers ordered by name,SELECT * FROM customers ORDER BY name;
Find maximum name in employees,SELECT MAX(name) FROM employees;
Find minimum id in employees,SELECT MIN(id) FROM employees;
Show all students ordered by name,SELECT * FROM students ORDER BY name;
Show all employees ordered by age,SELECT * FROM employees ORDER BY age;
Count all rows in orders,SELECT COUNT(*) FROM orders;
Show all employees ordered by id,SELECT * FROM employees ORDER BY id;
List all name from customers,SELECT name FROM customers;
Find maximum id in students,SELECT MAX(id) FROM students;
Find minimum department in students,SELECT MIN(department) FROM students;
Show all orders ordered by customer_id,SELECT * FROM orders ORDER BY customer_id;
Find average price in products,SELECT AVG(price) FROM products;
Count all rows in students,SELECT COUNT(*) FROM students;
Count all rows in students,SELECT COUNT(*) FROM students;
Find maximum amount in orders,SELECT MAX(amount) FROM orders;
Find minimum department in students,SELECT MIN(department) FROM students;
Show name from customers where city < 50,SELECT name FROM customers WHERE city < 50;
List all city from customers,SELECT city FROM customers;
List all stock from products,SELECT stock FROM products;
Show status from orders where order_id <= 90,SELECT status FROM orders WHERE order_id <= 90;
Find minimum product_id in products,SELECT MIN(product_id) FROM products;
Count all rows in employees,SELECT COUNT(*) FROM employees;
Show age from customers where membership > 100,SELECT age FROM customers WHERE membership > 100;
Show all students ordered by id,SELECT * FROM students ORDER BY id;
Find average date in orders,SELECT AVG(date) FROM orders;
Find minimum city in customers,SELECT MIN(city) FROM customers;
Find minimum marks in students,SELECT MIN(marks) FROM students;
Find all records in students where id >= 20,SELECT * FROM students WHERE id >= 20;
Find minimum stock in products,SELECT MIN(stock) FROM products;
Find average marks in students,SELECT AVG(marks) FROM students;
Show all products ordered by price,SELECT * FROM products ORDER BY price;
Count all rows in students,SELECT COUNT(*) FROM students;
Find maximum id in students,SELECT MAX(id) FROM students;
List all id from employees,SELECT id FROM employees;
Show all students,SELECT * FROM students;
Find average id in students,SELECT AVG(id) FROM students;
Show date from orders where order_id = 20,SELECT date FROM orders WHERE order_id = 20;
Find average name in customers,SELECT AVG(name) FROM customers;
Find average status in orders,SELECT AVG(status) FROM orders;
Count all rows in orders,SELECT COUNT(*) FROM orders;
Show all employees,SELECT * FROM employees;
Find average age in customers,SELECT AVG(age) FROM customers;
Show all employees ordered by salary,SELECT * FROM employees ORDER BY salary;
Find all records in customers where customer_id < 70,SELECT * FROM customers WHERE customer_id < 70;
Find maximum amount in orders,SELECT MAX(amount) FROM orders;
Show all students,SELECT * FROM students;
Count all rows in employees,SELECT COUNT(*) FROM employees;
Find minimum name in employees,SELECT MIN(name) FROM employees;
Find maximum age in customers,SELECT MAX(age) FROM customers;
Show all customers,SELECT * FROM customers;
Find minimum id in students,SELECT MIN(id) FROM students;
Count all rows in customers,SELECT COUNT(*) FROM customers;
Show all customers,SELECT * FROM customers;
Show all products,SELECT * FROM products;
List all amount from orders,SELECT amount FROM orders;
Find average age in customers,SELECT AVG(age) FROM customers;
Find all records in customers where customer_id = 20,SELECT * FROM customers WHERE customer_id = 20;
Show product_id from products where price = 30,SELECT product_id FROM products WHERE price = 30;
Show all products ordered by category,SELECT * FROM products ORDER BY category;
Find minimum order_id in orders,SELECT MIN(order_id) FROM orders;
Find maximum city in customers,SELECT MAX(city) FROM customers;
Show all orders ordered by customer_id,SELECT * FROM orders ORDER BY customer_id;
Show all products,SELECT * FROM products;
Show all customers,SELECT * FROM customers;
List all name from employees,SELECT name FROM employees;
Count all rows in orders,SELECT COUNT(*) FROM orders;
Show all orders,SELECT * FROM orders;
Find maximum customer_id in orders,SELECT MAX(customer_id) FROM orders;
Count all rows in products,SELECT COUNT(*) FROM products;
List all department from employees,SELECT department FROM employees;
Show customer_id from orders where date > 20,SELECT customer_id FROM orders WHERE date > 20;
Find minimum order_id in orders,SELECT MIN(order_id) FROM orders;
Show all products ordered by stock,SELECT * FROM products ORDER BY stock;
Count all rows in orders,SELECT COUNT(*) FROM orders;
Find minimum id in students,SELECT MIN(id) FROM students;
List all age from employees,SELECT age FROM employees;
Find minimum name in students,SELECT MIN(name) FROM students;
Show all products ordered by name,SELECT * FROM products ORDER BY name;
List all stock from products,SELECT stock FROM products;
Find all records in customers where age <= 50,SELECT * FROM customers WHERE age <= 50;
Find all records in products where name >= 70,SELECT * FROM products WHERE name >= 70;
Show age from students where name = 30,SELECT age FROM students WHERE name = 30;
Show all employees ordered by department,SELECT * FROM employees ORDER BY department;
Find average name in products,SELECT AVG(name) FROM products;
Find maximum customer_id in customers,SELECT MAX(customer_id) FROM customers;
Find average id in employees,SELECT AVG(id) FROM employees;
List all department from employees,SELECT department FROM employees;
Find average membership in customers,SELECT AVG(membership) FROM customers;
Show all orders ordered by customer_id,SELECT * FROM orders ORDER BY customer_id;
Show order_id from orders where order_id >= 90,SELECT order_id FROM orders WHERE order_id >= 90;
Count all rows in customers,SELECT COUNT(*) FROM customers;
Show all employees ordered by age,SELECT * FROM employees ORDER BY age;
Show order_id from orders where date = 90,SELECT order_id FROM orders WHERE date = 90;
Show all products ordered by product_id,SELECT * FROM products ORDER BY product_id;
List all name from students,SELECT name FROM students;
Find minimum age in students,SELECT MIN(age) FROM students;
Find average product_id in products,SELECT AVG(product_id) FROM products;
Show department from students where age = 90,SELECT department FROM students WHERE age = 90;
Show category from products where category < 20,SELECT category FROM products WHERE category < 20;
Find all records in employees where id < 90,SELECT * FROM employees WHERE id < 90;
Find maximum name in students,SELECT MAX(name) FROM students;
Find all records in customers where membership < 10,SELECT * FROM customers WHERE membership < 10;
List all date from orders,SELECT date FROM orders;
Show all products ordered by stock,SELECT * FROM products ORDER BY stock;
Show all customers,SELECT * FROM customers;
Count all rows in students,SELECT COUNT(*) FROM students;
Show order_id from orders where date >= 50,SELECT order_id FROM orders WHERE date >= 50;
Show stock from products where category >= 70,SELECT stock FROM products WHERE category >= 70;
Show all students,SELECT * FROM students;
Find maximum membership in customers,SELECT MAX(membership) FROM customers;
Count all rows in employees,SELECT COUNT(*) FROM employees;
Show all employees,SELECT * FROM employees;
Count all rows in customers,SELECT COUNT(*) FROM customers;
Find maximum stock in products,SELECT MAX(stock) FROM products;
Find all records in products where category <= 60,SELECT * FROM products WHERE category <= 60;
Show age from employees where salary < 40,SELECT age FROM employees WHERE salary < 40;
Find maximum salary in employees,SELECT MAX(salary) FROM employees;
Find average category in products,SELECT AVG(category) FROM products;
List all customer_id from orders,SELECT customer_id FROM orders;
Find average name in students,SELECT AVG(name) FROM students;
Count all rows in students,SELECT COUNT(*) FROM students;
Show membership from customers where age <= 40,SELECT membership FROM customers WHERE age <= 40;
Find average salary in employees,SELECT AVG(salary) FROM employees;
Count all rows in students,SELECT COUNT(*) FROM students;
Show all students ordered by id,SELECT * FROM students ORDER BY id;
List all stock from products,SELECT stock FROM products;
Show all customers ordered by customer_id,SELECT * FROM customers ORDER BY customer_id;
List all date from orders,SELECT date FROM orders;
Show all orders,SELECT * FROM orders;
Find average name in employees,SELECT AVG(name) FROM employees;
Find minimum age in customers,SELECT MIN(age) FROM customers;
List all id from employees,SELECT id FROM employees;
List all department from employees,SELECT department FROM employees;
Count all rows in orders,SELECT COUNT(*) FROM orders;
Show all customers ordered by customer_id,SELECT * FROM customers ORDER BY customer_id;
List all salary from employees,SELECT salary FROM employees;
Show order_id from orders where date <= 10,SELECT order_id FROM orders WHERE date <= 10;
Count all rows in orders,SELECT COUNT(*) FROM orders;
Show all customers,SELECT * FROM customers;
Show age from students where department <= 70,SELECT age FROM students WHERE department <= 70;
Show all students ordered by age,SELECT * FROM students ORDER BY age;
Find average department in students,SELECT AVG(department) FROM students;
Find minimum amount in orders,SELECT MIN(amount) FROM orders;
Find all records in customers where customer_id < 70,SELECT * FROM customers WHERE customer_id < 70;
Find minimum id in employees,SELECT MIN(id) FROM employees;
Count all rows in products,SELECT COUNT(*) FROM products;
Find minimum id in employees,SELECT MIN(id) FROM employees;
Show all students ordered by marks,SELECT * FROM students ORDER BY marks;
Find average age in employees,SELECT AVG(age) FROM employees;
Find average department in students,SELECT AVG(department) FROM students;
List all product_id from products,SELECT product_id FROM products;
Show all orders,SELECT * FROM orders;
Find minimum customer_id in orders,SELECT MIN(customer_id) FROM orders;
Show all students ordered by name,SELECT * FROM students ORDER BY name;
Find average customer_id in orders,SELECT AVG(customer_id) FROM orders;
Find maximum customer_id in orders,SELECT MAX(customer_id) FROM orders;
Find maximum customer_id in customers,SELECT MAX(customer_id) FROM customers;
Find all records in products where stock > 30,SELECT * FROM products WHERE stock > 30;
Find maximum customer_id in orders,SELECT MAX(customer_id) FROM orders;
Count all rows in customers,SELECT COUNT(*) FROM customers;
List all age from customers,SELECT age FROM customers;
Show all students ordered by department,SELECT * FROM students ORDER BY department;
Count all rows in products,SELECT COUNT(*) FROM products;
Find maximum category in products,SELECT MAX(category) FROM products;
Show all students,SELECT * FROM students;
Find minimum id in employees,SELECT MIN(id) FROM employees;
Show all orders ordered by amount,SELECT * FROM orders ORDER BY amount;
List all city from customers,SELECT city FROM customers;
Find average customer_id in orders,SELECT AVG(customer_id) FROM orders;
Count all rows in orders,SELECT COUNT(*) FROM orders;
Count all rows in students,SELECT COUNT(*) FROM students;
Find minimum age in employees,SELECT MIN(age) FROM employees;
Find average city in customers,SELECT AVG(city) FROM customers;
Find maximum customer_id in orders,SELECT MAX(customer_id) FROM orders;
Find average age in employees,SELECT AVG(age) FROM employees;
Find all records in customers where city >= 50,SELECT * FROM customers WHERE city >= 50;
Show all products,SELECT * FROM products;
Count all rows in customers,SELECT COUNT(*) FROM customers;
List all name from students,SELECT name FROM students;
Find maximum age in customers,SELECT MAX(age) FROM customers;
Show all customers,SELECT * FROM customers;
Show all products,SELECT * FROM products;
Count all rows in customers,SELECT COUNT(*) FROM customers;
Show all employees ordered by salary,SELECT * FROM employees ORDER BY salary;
List all department from employees,SELECT department FROM employees;
Count all rows in products,SELECT COUNT(*) FROM products;
Find maximum city in customers,SELECT MAX(city) FROM customers;
Find average age in students,SELECT AVG(age) FROM students;
Find maximum salary in employees,SELECT MAX(salary) FROM employees;
Find maximum status in orders,SELECT MAX(status) FROM orders;
Show marks from students where id <= 90,SELECT marks FROM students WHERE id <= 90;
Find maximum id in employees,SELECT MAX(id) FROM employees;
Find average product_id in products,SELECT AVG(product_id) FROM products;
Find maximum product_id in products,SELECT MAX(product_id) FROM products;
Find all records in customers where city >= 80,SELECT * FROM customers WHERE city >= 80;
Show all orders ordered by customer_id,SELECT * FROM orders ORDER BY customer_id;
Find minimum age in employees,SELECT MIN(age) FROM employees;
Find maximum price in products,SELECT MAX(price) FROM products;
Find maximum name in products,SELECT MAX(name) FROM products;
Count all rows in orders,SELECT COUNT(*) FROM orders;
Show name from products where category >= 50,SELECT name FROM products WHERE category >= 50;
List all customer_id from orders,SELECT customer_id FROM orders;
Show all students ordered by department,SELECT * FROM students ORDER BY department;
Count all rows in orders,SELECT COUNT(*) FROM orders;
Show date from orders where date > 10,SELECT date FROM orders WHERE date > 10;
Find all records in students where id > 30,SELECT * FROM students WHERE id > 30;
Show all employees,SELECT * FROM employees;
Show all orders ordered by order_id,SELECT * FROM orders ORDER BY order_id;
Count all rows in students,SELECT COUNT(*) FROM students;
Find all records in orders where status > 100,SELECT * FROM orders WHERE status > 100;
Find maximum city in customers,SELECT MAX(city) FROM customers;
Find minimum order_id in orders,SELECT MIN(order_id) FROM orders;
Show all orders,SELECT * FROM orders;
Find minimum name in customers,SELECT MIN(name) FROM customers;
Show all products,SELECT * FROM products;
Find average id in students,SELECT AVG(id) FROM students;
Show all employees ordered by name,SELECT * FROM employees ORDER BY name;
Show customer_id from orders where status >= 100,SELECT customer_id FROM orders WHERE status >= 100;
Show all employees,SELECT * FROM employees;
Count all rows in products,SELECT COUNT(*) FROM products;
Find average customer_id in customers,SELECT AVG(customer_id) FROM customers;
Find maximum name in employees,SELECT MAX(name) FROM employees;
Show order_id from orders where customer_id <= 50,SELECT order_id FROM orders WHERE customer_id <= 50;
Find minimum id in students,SELECT MIN(id) FROM students;
Show all employees,SELECT * FROM employees;
Find average customer_id in orders,SELECT AVG(customer_id) FROM orders;
List all stock from products,SELECT stock FROM products;
Find maximum name in employees,SELECT MAX(name) FROM employees;
Find average age in employees,SELECT AVG(age) FROM employees;
Show department from employees where id >= 100,SELECT department FROM employees WHERE id >= 100;
Show name from students where marks >= 100,SELECT name FROM students WHERE marks >= 100;
Show name from employees where department > 60,SELECT name FROM employees WHERE department > 60;
Show all orders ordered by customer_id,SELECT * FROM orders ORDER BY customer_id;
Find all records in students where id < 40,SELECT * FROM students WHERE id < 40;
Find minimum name in employees,SELECT MIN(name) FROM employees;
Show order_id from orders where order_id <= 20,SELECT order_id FROM orders WHERE order_id <= 20;
List all membership from customers,SELECT membership FROM customers;
Find average product_id in products,SELECT AVG(product_id) FROM products;
Find maximum department in employees,SELECT MAX(department) FROM employees;
Show name from products where stock <= 60,SELECT name FROM products WHERE stock <= 60;
Find maximum age in students,SELECT MAX(age) FROM students;
List all name from customers,SELECT name FROM customers;
Find all records in products where name < 90,SELECT * FROM products WHERE name < 90;
Find average date in orders,SELECT AVG(date) FROM orders;
Show all employees,SELECT * FROM employees;
List all name from customers,SELECT name FROM customers;
Find all records in products where category < 90,SELECT * FROM products WHERE category < 90;
Find all records in orders where date >= 30,SELECT * FROM orders WHERE date >= 30;
Find maximum id in students,SELECT MAX(id) FROM students;
Find maximum date in orders,SELECT MAX(date) FROM orders;
Find all records in products where category >= 60,SELECT * FROM products WHERE category >= 60;
Show all employees ordered by salary,SELECT * FROM employees ORDER BY salary;
Find all records in employees where name >= 80,SELECT * FROM employees WHERE name >= 80;
Find all records in employees where salary >= 60,SELECT * FROM employees WHERE salary >= 60;
Show all employees,SELECT * FROM employees;
Find all records in customers where age <= 40,SELECT * FROM customers WHERE age <= 40;
Count all rows in products,SELECT COUNT(*) FROM products;
Find minimum age in students,SELECT MIN(age) FROM students;
Show all orders ordered by date,SELECT * FROM orders ORDER BY date;
Find average name in employees,SELECT AVG(name) FROM employees;
Find minimum amount in orders,SELECT MIN(amount) FROM orders;
Show all products ordered by category,SELECT * FROM products ORDER BY category;
Find maximum date in orders,SELECT MAX(date) FROM orders;
Find average marks in students,SELECT AVG(marks) FROM students;
Show id from employees where department = 10,SELECT id FROM employees WHERE department = 10;
Find minimum customer_id in orders,SELECT MIN(customer_id) FROM orders;
Find minimum order_id in orders,SELECT MIN(order_id) FROM orders;
Show price from products where category >= 40,SELECT price FROM products WHERE category >= 40;
List all category from products,SELECT category FROM products;
Find all records in orders where order_id < 80,SELECT * FROM orders WHERE order_id < 80;
Show all students ordered by marks,SELECT * FROM students ORDER BY marks;
Show order_id from orders where date = 30,SELECT order_id FROM orders WHERE date = 30;
Show product_id from products where price <= 40,SELECT product_id FROM products WHERE price <= 40;
Count all rows in employees,SELECT COUNT(*) FROM employees;
Count all rows in employees,SELECT COUNT(*) FROM employees;
Count all rows in orders,SELECT COUNT(*) FROM orders;
List all status from orders,SELECT status FROM orders;
Find average membership in customers,SELECT AVG(membership) FROM customers;
Find maximum department in students,SELECT MAX(department) FROM students;
Find average customer_id in customers,SELECT AVG(customer_id) FROM customers;
Count all rows in students,SELECT COUNT(*) FROM students;
Count all rows in students,SELECT COUNT(*) FROM students;
Find maximum city in customers,SELECT MAX(city) FROM customers;
Show all orders,SELECT * FROM orders;
Show product_id from products where stock = 80,SELECT product_id FROM products WHERE stock = 80;
Find minimum salary in employees,SELECT MIN(salary) FROM employees;
Show all employees,SELECT * FROM employees;
Find minimum salary in employees,SELECT MIN(salary) FROM employees;
List all id from employees,SELECT id FROM employees;
Find all records in customers where age < 50,SELECT * FROM customers WHERE age < 50;
Count all rows in products,SELECT COUNT(*) FROM products;
Show all customers ordered by city,SELECT * FROM customers ORDER BY city;
Show amount from orders where order_id >= 90,SELECT amount FROM orders WHERE order_id >= 90;
Count all rows in employees,SELECT COUNT(*) FROM employees;
List all department from students,SELECT department FROM students;
Find minimum status in orders,SELECT MIN(status) FROM orders;
Find all records in customers where customer_id > 10,SELECT * FROM customers WHERE customer_id > 10;
Find maximum order_id in orders,SELECT MAX(order_id) FROM orders;
List all department from students,SELECT department FROM students;
Show all employees,SELECT * FROM employees;
List all amount from orders,SELECT amount FROM orders;
Show all orders ordered by customer_id,SELECT * FROM orders ORDER BY customer_id;
Count all rows in orders,SELECT COUNT(*) FROM orders;
Show id from employees where department <= 10,SELECT id FROM employees WHERE department <= 10;
Find minimum department in students,SELECT MIN(department) FROM students;
Find all records in customers where city >= 60,SELECT * FROM customers WHERE city >= 60;
Show all employees ordered by salary,SELECT * FROM employees ORDER BY salary;
Show all customers ordered by membership,SELECT * FROM customers ORDER BY membership;
Show salary from employees where name > 90,SELECT salary FROM employees WHERE name > 90;
Count all rows in products,SELECT COUNT(*) FROM products;
Find all records in employees where salary = 50,SELECT * FROM employees WHERE salary = 50;
List all department from students,SELECT department FROM students;
Show name from employees where id < 20,SELECT name FROM employees WHERE id < 20;
Find minimum name in employees,SELECT MIN(name) FROM employees;
Count all rows in students,SELECT COUNT(*) FROM students;
Count all rows in customers,SELECT COUNT(*) FROM customers;
List all salary from employees,SELECT salary FROM employees;
Find minimum name in customers,SELECT MIN(name) FROM customers;
Show all students ordered by age,SELECT * FROM students ORDER BY age;
List all marks from students,SELECT marks FROM students;
Count all rows in products,SELECT COUNT(*) FROM products;
Show all products,SELECT * FROM products;
Show all customers ordered by name,SELECT * FROM customers ORDER BY name;
Count all rows in products,SELECT COUNT(*) FROM products;
Find minimum stock in products,SELECT MIN(stock) FROM products;
Find minimum id in students,SELECT MIN(id) FROM students;
Find all records in products where stock > 30,SELECT * FROM products WHERE stock > 30;
Show all orders,SELECT * FROM orders;
Find minimum name in customers,SELECT MIN(name) FROM customers;
Show age from students where department <= 80,SELECT age FROM students WHERE department <= 80;
Find minimum membership in customers,SELECT MIN(membership) FROM customers;
Show all students ordered by name,SELECT * FROM students ORDER BY name;
Find maximum category in products,SELECT MAX(category) FROM products;
Find average marks in students,SELECT AVG(marks) FROM students;
Find maximum amount in orders,SELECT MAX(amount) FROM orders;
Show all orders ordered by date,SELECT * FROM orders ORDER BY date;
Find maximum product_id in products,SELECT MAX(product_id) FROM products;
Find minimum age in customers,SELECT MIN(age) FROM customers;
Show all students ordered by marks,SELECT * FROM students ORDER BY marks;
Find average membership in customers,SELECT AVG(membership) FROM customers;
Find maximum status in orders,SELECT MAX(status) FROM orders;
Find minimum name in customers,SELECT MIN(name) FROM customers;
List all status from orders,SELECT status FROM orders;
Find maximum name in products,SELECT MAX(name) FROM products;
Show all orders ordered by date,SELECT * FROM orders ORDER BY date;
Show all customers ordered by age,SELECT * FROM customers ORDER BY age;
Find minimum age in employees,SELECT MIN(age) FROM employees;
Count all rows in products,SELECT COUNT(*) FROM products;
Find all records in students where marks = 50,SELECT * FROM students WHERE marks = 50;
Show name from products where category > 50,SELECT name FROM products WHERE category > 50;
Show id from students where name >= 90,SELECT id FROM students WHERE name >= 90;
Show product_id from products where category >= 60,SELECT product_id FROM products WHERE category >= 60;
Find average customer_id in customers,SELECT AVG(customer_id) FROM customers;
Find minimum department in students,SELECT MIN(department) FROM students;
Find average name in customers,SELECT AVG(name) FROM customers;
Find all records in employees where id >= 100,SELECT * FROM employees WHERE id >= 100;
Find maximum order_id in orders,SELECT MAX(order_id) FROM orders;
Show all students,SELECT * FROM students;
Show all orders ordered by amount,SELECT * FROM orders ORDER BY amount;
Show all customers ordered by name,SELECT * FROM customers ORDER BY name;
Find all records in students where age = 90,SELECT * FROM students WHERE age = 90;
Count all rows in products,SELECT COUNT(*) FROM products;
Find maximum customer_id in customers,SELECT MAX(customer_id) FROM customers;
Find average membership in customers,SELECT AVG(membership) FROM customers;
Show name from employees where name = 30,SELECT name FROM employees WHERE name = 30;
Find average product_id in products,SELECT AVG(product_id) FROM products;
List all customer_id from orders,SELECT customer_id FROM orders;
Find maximum salary in employees,SELECT MAX(salary) FROM employees;
Show age from employees where salary >= 10,SELECT age FROM employees WHERE salary >= 10;
Find minimum customer_id in orders,SELECT MIN(customer_id) FROM orders;
Show amount from orders where order_id <= 100,SELECT amount FROM orders WHERE order_id <= 100;
Find average amount in orders,SELECT AVG(amount) FROM orders;
Find all records in products where price = 70,SELECT * FROM products WHERE price = 70;
List all order_id from orders,SELECT order_id FROM orders;
Find minimum stock in products,SELECT MIN(stock) FROM products;
Find average name in employees,SELECT AVG(name) FROM employees;
Show all orders ordered by status,SELECT * FROM orders ORDER BY status;
List all name from employees,SELECT name FROM employees;
List all department from students,SELECT department FROM students;
Find minimum stock in products,SELECT MIN(stock) FROM products;
Show all orders ordered by status,SELECT * FROM orders ORDER BY status;
Count all rows in products,SELECT COUNT(*) FROM products;
Show all orders ordered by status,SELECT * FROM orders ORDER BY status;
Find all records in orders where customer_id = 100,SELECT * FROM orders WHERE customer_id = 100;
Show marks from students where name <= 100,SELECT marks FROM students WHERE name <= 100;
Show all orders ordered by date,SELECT * FROM orders ORDER BY date;
Find average name in products,SELECT AVG(name) FROM products;
Find all records in students where marks = 20,SELECT * FROM students WHERE marks = 20;
Find average salary in employees,SELECT AVG(salary) FROM employees;
Show date from orders where customer_id <= 80,SELECT date FROM orders WHERE customer_id <= 80;
Find all records in employees where department > 20,SELECT * FROM employees WHERE department > 20;
Find average category in products,SELECT AVG(category) FROM products;
Count all rows in products,SELECT COUNT(*) FROM products;
List all id from employees,SELECT id FROM employees;
Find all records in products where category <= 60,SELECT * FROM products WHERE category <= 60;
Show customer_id from customers where customer_id < 30,SELECT customer_id FROM customers WHERE customer_id < 30;
Count all rows in products,SELECT COUNT(*) FROM products;
Count all rows in products,SELECT COUNT(*) FROM products;
List all amount from orders,SELECT amount FROM orders;
Count all rows in customers,SELECT COUNT(*) FROM customers;
Show all students ordered by id,SELECT * FROM students ORDER BY id;
Show all employees ordered by salary,SELECT * FROM employees ORDER BY salary;
Show amount from orders where date > 100,SELECT amount FROM orders WHERE date > 100;
Find average salary in employees,SELECT AVG(salary) FROM employees;
Find maximum name in products,SELECT MAX(name) FROM products;
Find minimum age in students,SELECT MIN(age) FROM students;
List all customer_id from orders,SELECT customer_id FROM orders;
Find all records in customers where membership = 40,SELECT * FROM customers WHERE membership = 40;
Find average age in employees,SELECT AVG(age) FROM employees;
Show product_id from products where price = 70,SELECT product_id FROM products WHERE price = 70;
Find average city in customers,SELECT AVG(city) FROM customers;
Count all rows in orders,SELECT COUNT(*) FROM orders;
Show amount from orders where status < 100,SELECT amount FROM orders WHERE status < 100;
Show all students ordered by name,SELECT * FROM students ORDER BY name;
Show all products ordered by stock,SELECT * FROM products ORDER BY stock;
Find maximum date in orders,SELECT MAX(date) FROM orders;
Show marks from students where department <= 70,SELECT marks FROM students WHERE department <= 70;
Show all orders ordered by order_id,SELECT * FROM orders ORDER BY order_id;
Count all rows in orders,SELECT COUNT(*) FROM orders;
Show name from students where age = 70,SELECT name FROM students WHERE age = 70;
Find average customer_id in orders,SELECT AVG(customer_id) FROM orders;
Count all rows in products,SELECT COUNT(*) FROM products;
Find average salary in employees,SELECT AVG(salary) FROM employees;
Show all orders ordered by status,SELECT * FROM orders ORDER BY status;
Find all records in employees where department < 50,SELECT * FROM employees WHERE department < 50;
Find maximum department in employees,SELECT MAX(department) FROM employees;
Show all customers,SELECT * FROM customers;
Find minimum marks in students,SELECT MIN(marks) FROM students;
Show all customers,SELECT * FROM customers;
Show all customers ordered by customer_id,SELECT * FROM customers ORDER BY customer_id;
Show age from customers where name < 100,SELECT age FROM customers WHERE name < 100;
Find all records in students where name <= 50,SELECT * FROM students WHERE name <= 50;
Find maximum age in students,SELECT MAX(age) FROM students;
List all price from products,SELECT price FROM products;
Show all students,SELECT * FROM students;
Show all employees,SELECT * FROM employees;
Show all products,SELECT * FROM products;
List all name from products,SELECT name FROM products;
Find average age in students,SELECT AVG(age) FROM students;
Find all records in orders where customer_id >= 80,SELECT * FROM orders WHERE customer_id >= 80;
Count all rows in students,SELECT COUNT(*) FROM students;
Find minimum id in employees,SELECT MIN(id) FROM employees;
List all date from orders,SELECT date FROM orders;
Find all records in customers where membership > 30,SELECT * FROM customers WHERE membership > 30;
Show all orders ordered by amount,SELECT * FROM orders ORDER BY amount;
Show department from employees where age > 40,SELECT department FROM employees WHERE age > 40;
Find minimum status in orders,SELECT MIN(status) FROM orders;
Find all records in employees where id <= 100,SELECT * FROM employees WHERE id <= 100;
Find average id in students,SELECT AVG(id) FROM students;
Count all rows in employees,SELECT COUNT(*) FROM employees;
Show all products,SELECT * FROM products;
List all category from products,SELECT category FROM products;
Find all records in products where name >= 70,SELECT * FROM products WHERE name >= 70;
Show all employees ordered by name,SELECT * FROM employees ORDER BY name;
Find average age in students,SELECT AVG(age) FROM students;
Show all customers,SELECT * FROM customers;
Find maximum product_id in products,SELECT MAX(product_id) FROM products;
Find all records in customers where name >= 40,SELECT * FROM customers WHERE name >= 40;
Show all customers ordered by membership,SELECT * FROM customers ORDER BY membership;
Show all products ordered by name,SELECT * FROM products ORDER BY name;
Show status from orders where amount <= 80,SELECT status FROM orders WHERE amount <= 80;
List all name from employees,SELECT name FROM employees;
Find minimum customer_id in customers,SELECT MIN(customer_id) FROM customers;
Find maximum marks in students,SELECT MAX(marks) FROM students;
Find average name in students,SELECT AVG(name) FROM students;
Show all orders,SELECT * FROM orders;
List all customer_id from orders,SELECT customer_id FROM orders;
Find all records in employees where salary <= 90,SELECT * FROM employees WHERE salary <= 90;
Find minimum order_id in orders,SELECT MIN(order_id) FROM orders;
Find minimum city in customers,SELECT MIN(city) FROM customers;
Find average stock in products,SELECT AVG(stock) FROM products;
Show status from orders where customer_id < 30,SELECT status FROM orders WHERE customer_id < 30;
Show all customers,SELECT * FROM customers;
Find maximum date in orders,SELECT MAX(date) FROM orders;
Find all records in products where category <= 60,SELECT * FROM products WHERE category <= 60;
Show all employees,SELECT * FROM employees;
Show age from students where marks < 20,SELECT age FROM students WHERE marks < 20;
Find all records in employees where age >= 80,SELECT * FROM employees WHERE age >= 80;
Find all records in products where product_id <= 90,SELECT * FROM products WHERE product_id <= 90;
Find minimum date in orders,SELECT MIN(date) FROM orders;
Find average name in students,SELECT AVG(name) FROM students;
Find all records in customers where age = 90,SELECT * FROM customers WHERE age = 90;
Show all students ordered by department,SELECT * FROM students ORDER BY department;
Find all records in customers where city > 100,SELECT * FROM customers WHERE city > 100;
List all name from products,SELECT name FROM products;
Find minimum department in employees,SELECT MIN(department) FROM employees;
List all marks from students,SELECT marks FROM students;
Find minimum department in employees,SELECT MIN(department) FROM employees;
Show all orders ordered by amount,SELECT * FROM orders ORDER BY amount;
List all salary from employees,SELECT salary FROM employees;
Find average product_id in products,SELECT AVG(product_id) FROM products;
Find all records in customers where age < 40,SELECT * FROM customers WHERE age < 40;
Show order_id from orders where amount > 70,SELECT order_id FROM orders WHERE amount > 70;
Show all customers ordered by customer_id,SELECT * FROM customers ORDER BY customer_id;
Show name from products where stock >= 90,SELECT name FROM products WHERE stock >= 90;
List all salary from employees,SELECT salary FROM employees;
Show all orders,SELECT * FROM orders;
List all city from customers,SELECT city FROM customers;
Find maximum age in students,SELECT MAX(age) FROM students;
Find minimum department in employees,SELECT MIN(department) FROM employees;
Find maximum date in orders,SELECT MAX(date) FROM orders;
Show all students ordered by id,SELECT * FROM students ORDER BY id;
Find maximum price in products,SELECT MAX(price) FROM products;
Count all rows in customers,SELECT COUNT(*) FROM customers;
Find average customer_id in customers,SELECT AVG(customer_id) FROM customers;
Find average customer_id in customers,SELECT AVG(customer_id) FROM customers;
Find average category in products,SELECT AVG(category) FROM products;
Find maximum name in students,SELECT MAX(name) FROM students;
Show all employees ordered by id,SELECT * FROM employees ORDER BY id;
Find minimum id in employees,SELECT MIN(id) FROM employees;
Find maximum department in students,SELECT MAX(department) FROM students;
List all customer_id from customers,SELECT customer_id FROM customers;
Show stock from products where stock < 70,SELECT stock FROM products WHERE stock < 70;
Show all orders,SELECT * FROM orders;
Find all records in orders where date < 100,SELECT * FROM orders WHERE date < 100;
Count all rows in students,SELECT COUNT(*) FROM students;
Find all records in orders where customer_id >= 90,SELECT * FROM orders WHERE customer_id >= 90;
Find maximum id in students,SELECT MAX(id) FROM students;
Count all rows in customers,SELECT COUNT(*) FROM customers;
Show all customers ordered by name,SELECT * FROM customers ORDER BY name;
List all age from students,SELECT age FROM students;
Find all records in customers where name >= 10,SELECT * FROM customers WHERE name >= 10;
Count all rows in customers,SELECT COUNT(*) FROM customers;
Count all rows in students,SELECT COUNT(*) FROM students;
Count all rows in students,SELECT COUNT(*) FROM students;
Find all records in products where name >= 20,SELECT * FROM products WHERE name >= 20;
Show name from employees where department >= 20,SELECT name FROM employees WHERE department >= 20;
Find maximum amount in orders,SELECT MAX(amount) FROM orders;
Show all products,SELECT * FROM products;
Find maximum amount in orders,SELECT MAX(amount) FROM orders;
Show all orders ordered by date,SELECT * FROM orders ORDER BY date;
Show marks from students where marks <= 10,SELECT marks FROM students WHERE marks <= 10;
Count all rows in customers,SELECT COUNT(*) FROM customers;
Count all rows in customers,SELECT COUNT(*) FROM customers;
Show all customers ordered by age,SELECT * FROM customers ORDER BY age;
Find average name in products,SELECT AVG(name) FROM products;
Count all rows in customers,SELECT COUNT(*) FROM customers;
Find minimum city in customers,SELECT MIN(city) FROM customers;
Find minimum name in products,SELECT MIN(name) FROM products;
Show all orders,SELECT * FROM orders;
Find minimum age in customers,SELECT MIN(age) FROM customers;
Find all records in orders where customer_id >= 10,SELECT * FROM orders WHERE customer_id >= 10;
Find average age in students,SELECT AVG(age) FROM students;
Show all students,SELECT * FROM students;
Find average department in students,SELECT AVG(department) FROM students;
List all department from employees,SELECT department FROM employees;
Show all customers,SELECT * FROM customers;
Find average name in customers,SELECT AVG(name) FROM customers;
Show all products ordered by price,SELECT * FROM products ORDER BY price;
List all stock from products,SELECT stock FROM products;
Show all employees,SELECT * FROM employees;
Find maximum department in students,SELECT MAX(department) FROM students;
Show all products,SELECT * FROM products;
Show customer_id from customers where name <= 80,SELECT customer_id FROM customers WHERE name <= 80;
Count all rows in employees,SELECT COUNT(*) FROM employees;
Show name from customers where membership >= 20,SELECT name FROM customers WHERE membership >= 20;
Show all products ordered by product_id,SELECT * FROM products ORDER BY product_id;
Find average membership in customers,SELECT AVG(membership) FROM customers;
Show all customers,SELECT * FROM customers;
Show all students ordered by marks,SELECT * FROM students ORDER BY marks;
Count all rows in products,SELECT COUNT(*) FROM products;
Show customer_id from customers where name > 80,SELECT customer_id FROM customers WHERE name > 80;
Count all rows in employees,SELECT COUNT(*) FROM employees;
List all status from orders,SELECT status FROM orders;
Find average name in employees,SELECT AVG(name) FROM employees;
List all product_id from products,SELECT product_id FROM products;
Find all records in customers where city < 20,SELECT * FROM customers WHERE city < 20;
Show all customers,SELECT * FROM customers;
Show all employees ordered by id,SELECT * FROM employees ORDER BY id;
Find all records in employees where department <= 10,SELECT * FROM employees WHERE department <= 10;
Show all products,SELECT * FROM products;
Find maximum amount in orders,SELECT MAX(amount) FROM orders;
Find all records in students where name = 70,SELECT * FROM students WHERE name = 70;
List all name from employees,SELECT name FROM employees;
Show all employees ordered by department,SELECT * FROM employees ORDER BY department;
Show all orders ordered by order_id,SELECT * FROM orders ORDER BY order_id;
List all name from employees,SELECT name FROM employees;
List all amount from orders,SELECT amount FROM orders;
Find maximum customer_id in customers,SELECT MAX(customer_id) FROM customers;
Show all customers ordered by customer_id,SELECT * FROM customers ORDER BY customer_id;
Show all customers,SELECT * FROM customers;
Show all students,SELECT * FROM students;
Show all students,SELECT * FROM students;
Find all records in products where price < 20,SELECT * FROM products WHERE price < 20;
Show all employees,SELECT * FROM employees;
Show all products ordered by name,SELECT * FROM products ORDER BY name;
Find average name in students,SELECT AVG(name) FROM students;
List all price from products,SELECT price FROM products;
Show age from students where id = 70,SELECT age FROM students WHERE id = 70;
Count all rows in orders,SELECT COUNT(*) FROM orders;
Find all records in orders where customer_id <= 100,SELECT * FROM orders WHERE customer_id <= 100;
List all name from employees,SELECT name FROM employees;
Show all customers,SELECT * FROM customers;
Show all products,SELECT * FROM products;
Find minimum stock in products,SELECT MIN(stock) FROM products;
List all customer_id from orders,SELECT customer_id FROM orders;
Find maximum customer_id in orders,SELECT MAX(customer_id) FROM orders;
Find maximum id in students,SELECT MAX(id) FROM students;
Find minimum marks in students,SELECT MIN(marks) FROM students;
Show all orders ordered by amount,SELECT * FROM orders ORDER BY amount;
Find all records in products where name >= 20,SELECT * FROM products WHERE name >= 20;
Find average id in employees,SELECT AVG(id) FROM employees;
Find maximum date in orders,SELECT MAX(date) FROM orders;
Find average membership in customers,SELECT AVG(membership) FROM customers;
List all name from products,SELECT name FROM products;
Show department from students where department < 20,SELECT department FROM students WHERE department < 20;
List all city from customers,SELECT city FROM customers;
Show product_id from products where category >= 20,SELECT product_id FROM products WHERE category >= 20;
Count all rows in customers,SELECT COUNT(*) FROM customers;
Find minimum stock in products,SELECT MIN(stock) FROM products;
Count all rows in customers,SELECT COUNT(*) FROM customers;
Show marks from students where age > 30,SELECT marks FROM students WHERE age > 30;
Count all rows in products,SELECT COUNT(*) FROM products;
Find average customer_id in customers,SELECT AVG(customer_id) FROM customers;
Show all products,SELECT * FROM products;
Show all students,SELECT * FROM students;
Find minimum department in employees,SELECT MIN(department) FROM employees;
Count all rows in customers,SELECT COUNT(*) FROM customers;
Show all customers ordered by name,SELECT * FROM customers ORDER BY name;
Count all rows in products,SELECT COUNT(*) FROM products;
Find average status in orders,SELECT AVG(status) FROM orders;
Find average order_id in orders,SELECT AVG(order_id) FROM orders;
Show all employees,SELECT * FROM employees;
Show all students,SELECT * FROM students;
Find all records in products where stock = 80,SELECT * FROM products WHERE stock = 80;
Show city from customers where name <= 90,SELECT city FROM customers WHERE name <= 90;
Show all products,SELECT * FROM products;
Find maximum age in students,SELECT MAX(age) FROM students;
Show all customers ordered by name,SELECT * FROM customers ORDER BY name;
List all age from students,SELECT age FROM students;
Show all employees ordered by name,SELECT * FROM employees ORDER BY name;
Find all records in employees where id >= 20,SELECT * FROM employees WHERE id >= 20;
Find maximum amount in orders,SELECT MAX(amount) FROM orders;
Count all rows in customers,SELECT COUNT(*) FROM customers;
Show product_id from products where price > 40,SELECT product_id FROM products WHERE price > 40;
Show all customers,SELECT * FROM customers;
List all age from customers,SELECT age FROM customers;
Show all orders ordered by date,SELECT * FROM orders ORDER BY date;
Find all records in employees where department > 90,SELECT * FROM employees WHERE department > 90;
Find minimum name in customers,SELECT MIN(name) FROM customers;
Find maximum name in students,SELECT MAX(name) FROM students;
Find all records in employees where department >= 40,SELECT * FROM employees WHERE department >= 40;
Find minimum status in orders,SELECT MIN(status) FROM orders;
Show all employees ordered by salary,SELECT * FROM employees ORDER BY salary;
Find minimum status in orders,SELECT MIN(status) FROM orders;
Find minimum marks in students,SELECT MIN(marks) FROM students;
Show all students,SELECT * FROM students;
Find average department in students,SELECT AVG(department) FROM students;
Find minimum name in products,SELECT MIN(name) FROM products;
Find all records in products where price = 10,SELECT * FROM products WHERE price = 10;
Show all employees,SELECT * FROM employees;
Find maximum status in orders,SELECT MAX(status) FROM orders;
Find maximum membership in customers,SELECT MAX(membership) FROM customers;
List all marks from students,SELECT marks FROM students;
Find maximum amount in orders,SELECT MAX(amount) FROM orders;
Show all students ordered by age,SELECT * FROM students ORDER BY age;
Find minimum customer_id in customers,SELECT MIN(customer_id) FROM customers;
Show all products ordered by name,SELECT * FROM products ORDER BY name;
Show all orders ordered by customer_id,SELECT * FROM orders ORDER BY customer_id;
Show all orders,SELECT * FROM orders;
Find average stock in products,SELECT AVG(stock) FROM products;
List all id from employees,SELECT id FROM employees;
Find all records in employees where name > 70,SELECT * FROM employees WHERE name > 70;
Show all employees,SELECT * FROM employees;
Show all products ordered by category,SELECT * FROM products ORDER BY category;
Find average department in students,SELECT AVG(department) FROM students;
Find minimum age in students,SELECT MIN(age) FROM students;
Find average membership in customers,SELECT AVG(membership) FROM customers;
List all price from products,SELECT price FROM products;
Find average marks in students,SELECT AVG(marks) FROM students;
Show stock from products where category > 30,SELECT stock FROM products WHERE category > 30;
List all id from students,SELECT id FROM students;
Show all products,SELECT * FROM products;
Find maximum department in employees,SELECT MAX(department) FROM employees;
List all department from employees,SELECT department FROM employees;
Find minimum product_id in products,SELECT MIN(product_id) FROM products;
Count all rows in students,SELECT COUNT(*) FROM students;
Show all products,SELECT * FROM products;
Show all students ordered by id,SELECT * FROM students ORDER BY id;
Show all orders ordered by date,SELECT * FROM orders ORDER BY date;
Find maximum amount in orders,SELECT MAX(amount) FROM orders;
Find maximum age in employees,SELECT MAX(age) FROM employees;
Show all products,SELECT * FROM products;
Show all employees ordered by id,SELECT * FROM employees ORDER BY id;
Find average date in orders,SELECT AVG(date) FROM orders;
Show all employees ordered by department,SELECT * FROM employees ORDER BY department;
Find all records in products where stock = 80,SELECT * FROM products WHERE stock = 80;
Find all records in orders where amount < 50,SELECT * FROM orders WHERE amount < 50;
Find average age in employees,SELECT AVG(age) FROM employees;
Count all rows in customers,SELECT COUNT(*) FROM customers;
Find maximum status in orders,SELECT MAX(status) FROM orders;
Show all customers ordered by name,SELECT * FROM customers ORDER BY name;
List all category from products,SELECT category FROM products;
Find maximum status in orders,SELECT MAX(status) FROM orders;
Find average marks in students,SELECT AVG(marks) FROM students;
Find minimum name in students,SELECT MIN(name) FROM students;
List all stock from products,SELECT stock FROM products;
Count all rows in products,SELECT COUNT(*) FROM products;
Show id from employees where salary >= 80,SELECT id FROM employees WHERE salary >= 80;
List all age from employees,SELECT age FROM employees;
Show all orders,SELECT * FROM orders;
Show name from students where id = 60,SELECT name FROM students WHERE id = 60;
Show all orders ordered by amount,SELECT * FROM orders ORDER BY amount;
Find average status in orders,SELECT AVG(status) FROM orders;
Show all customers ordered by age,SELECT * FROM customers ORDER BY age;
Find all records in students where id < 50,SELECT * FROM students WHERE id < 50;
List all id from employees,SELECT id FROM employees;
Show all products ordered by name,SELECT * FROM products ORDER BY name;
Show all products,SELECT * FROM products;
Show all customers,SELECT * FROM customers;
Find minimum order_id in orders,SELECT MIN(order_id) FROM orders;
Find average amount in orders,SELECT AVG(amount) FROM orders;
Find all records in students where marks <= 60,SELECT * FROM students WHERE marks <= 60;
Find all records in products where product_id > 60,SELECT * FROM products WHERE product_id > 60;
Show all employees,SELECT * FROM employees;
List all id from employees,SELECT id FROM employees;
Find average name in customers,SELECT AVG(name) FROM customers;
Find average stock in products,SELECT AVG(stock) FROM products;
Find maximum customer_id in customers,SELECT MAX(customer_id) FROM customers;
Show all customers,SELECT * FROM customers;
Show all orders,SELECT * FROM orders;
Count all rows in products,SELECT COUNT(*) FROM products;
Find all records in students where id = 60,SELECT * FROM students WHERE id = 60;
Find maximum marks in students,SELECT MAX(marks) FROM students;
List all age from employees,SELECT age FROM employees;
List all name from products,SELECT name FROM products;
Count all rows in students,SELECT COUNT(*) FROM students;
Show all employees,SELECT * FROM employees;
Show all employees ordered by department,SELECT * FROM employees ORDER BY department;
Show all students ordered by marks,SELECT * FROM students ORDER BY marks;
Find all records in products where name < 30,SELECT * FROM products WHERE name < 30;
Find all records in customers where membership = 40,SELECT * FROM customers WHERE membership = 40;
Show city from customers where membership >= 70,SELECT city FROM customers WHERE membership >= 70;
Show all students ordered by id,SELECT * FROM students ORDER BY id;
Find all records in employees where department > 100,SELECT * FROM employees WHERE department > 100;
Show date from orders where order_id >= 80,SELECT date FROM orders WHERE order_id >= 80;
Show amount from orders where order_id = 70,SELECT amount FROM orders WHERE order_id = 70;
Find minimum id in students,SELECT MIN(id) FROM students;
Count all rows in products,SELECT COUNT(*) FROM products;
Show all customers ordered by customer_id,SELECT * FROM customers ORDER BY customer_id;
Find average age in students,SELECT AVG(age) FROM students;
List all id from employees,SELECT id FROM employees;
Find all records in orders where order_id = 50,SELECT * FROM orders WHERE order_id = 50;
Find all records in employees where id > 20,SELECT * FROM employees WHERE id > 20;
Show all students ordered by id,SELECT * FROM students ORDER BY id;
Find minimum marks in students,SELECT MIN(marks) FROM students;
Show age from employees where id >= 80,SELECT age FROM employees WHERE id >= 80;
List all customer_id from orders,SELECT customer_id FROM orders;
Find maximum customer_id in customers,SELECT MAX(customer_id) FROM customers;
Show all orders,SELECT * FROM orders;
Find minimum date in orders,SELECT MIN(date) FROM orders;
Find minimum date in orders,SELECT MIN(date) FROM orders;
Find average name in students,SELECT AVG(name) FROM students;
List all department from students,SELECT department FROM students;
Find minimum name in products,SELECT MIN(name) FROM products;
Find maximum stock in products,SELECT MAX(stock) FROM products;
Show all customers ordered by name,SELECT * FROM customers ORDER BY name;
Find maximum stock in products,SELECT MAX(stock) FROM products;
Show id from students where age < 20,SELECT id FROM students WHERE age < 20;
Show all products ordered by category,SELECT * FROM products ORDER BY category;
Show all products ordered by category,SELECT * FROM products ORDER BY category;
Find average customer_id in customers,SELECT AVG(customer_id) FROM customers;
Find minimum order_id in orders,SELECT MIN(order_id) FROM orders;
Find maximum age in students,SELECT MAX(age) FROM students;
Find average amount in orders,SELECT AVG(amount) FROM orders;
Find maximum name in products,SELECT MAX(name) FROM products;
Find all records in products where price <= 10,SELECT * FROM products WHERE price <= 10;
Find minimum date in orders,SELECT MIN(date) FROM orders;
Show all employees ordered by age,SELECT * FROM employees ORDER BY age;
Show age from employees where name < 50,SELECT age FROM employees WHERE name < 50;
Find average name in employees,SELECT AVG(name) FROM employees;
Find maximum status in orders,SELECT MAX(status) FROM orders;
List all id from students,SELECT id FROM students;
Find average product_id in products,SELECT AVG(product_id) FROM products;
Find all records in products where category >= 90,SELECT * FROM products WHERE category >= 90;
Find minimum name in customers,SELECT MIN(name) FROM customers;
Find minimum name in products,SELECT MIN(name) FROM products;
Find average customer_id in customers,SELECT AVG(customer_id) FROM customers;
Show all customers,SELECT * FROM customers;
Show all orders,SELECT * FROM orders;
Show all students ordered by name,SELECT * FROM students ORDER BY name;
Show all students,SELECT * FROM students;
Show all employees,SELECT * FROM employees;
Show all orders,SELECT * FROM orders;
Show all employees ordered by id,SELECT * FROM employees ORDER BY id;
Find minimum amount in orders,SELECT MIN(amount) FROM orders;
List all age from customers,SELECT age FROM customers;
Find maximum product_id in products,SELECT MAX(product_id) FROM products;
List all department from students,SELECT department FROM students;
Show all students ordered by id,SELECT * FROM students ORDER BY id;
Find average name in products,SELECT AVG(name) FROM products;
Show customer_id from customers where membership < 70,SELECT customer_id FROM customers WHERE membership < 70;
Find all records in products where category > 40,SELECT * FROM products WHERE category > 40;
Find average customer_id in customers,SELECT AVG(customer_id) FROM customers;
List all status from orders,SELECT status FROM orders;
Find average name in products,SELECT AVG(name) FROM products;
Find all records in orders where customer_id >= 10,SELECT * FROM orders WHERE customer_id >= 10;
Show all employees,SELECT * FROM employees;
List all price from products,SELECT price FROM products;
Show name from students where id = 50,SELECT name FROM students WHERE id = 50;
Show all orders ordered by amount,SELECT * FROM orders ORDER BY amount;
Find all records in orders where date >= 80,SELECT * FROM orders WHERE date >= 80;
Show all customers ordered by age,SELECT * FROM customers ORDER BY age;
Find maximum marks in students,SELECT MAX(marks) FROM students;
Show order_id from orders where order_id = 30,SELECT order_id FROM orders WHERE order_id = 30;
Show all students,SELECT * FROM students;
Show all products ordered by product_id,SELECT * FROM products ORDER BY product_id;
Find maximum name in employees,SELECT MAX(name) FROM employees;
Find all records in orders where amount <= 60,SELECT * FROM orders WHERE amount <= 60;
Show marks from students where id = 50,SELECT marks FROM students WHERE id = 50;
Find average marks in students,SELECT AVG(marks) FROM students;
Count all rows in customers,SELECT COUNT(*) FROM customers;
Find minimum stock in products,SELECT MIN(stock) FROM products;
Show all students,SELECT * FROM students;
Find average department in students,SELECT AVG(department) FROM students;
Find all records in customers where city >= 50,SELECT * FROM customers WHERE city >= 50;
List all salary from employees,SELECT salary FROM employees;
Find average membership in customers,SELECT AVG(membership) FROM customers;
Find minimum membership in customers,SELECT MIN(membership) FROM customers;
Find all records in products where price = 30,SELECT * FROM products WHERE price = 30;
Count all rows in orders,SELECT COUNT(*) FROM orders;
Show all products ordered by product_id,SELECT * FROM products ORDER BY product_id;
Show stock from products where name <= 70,SELECT stock FROM products WHERE name <= 70;
List all city from customers,SELECT city FROM customers;
Find maximum amount in orders,SELECT MAX(amount) FROM orders;
List all product_id from products,SELECT product_id FROM products;
Count all rows in employees,SELECT COUNT(*) FROM employees;
Find average order_id in orders,SELECT AVG(order_id) FROM orders;
Find average id in employees,SELECT AVG(id) FROM employees;
Find average age in students,SELECT AVG(age) FROM students;
List all stock from products,SELECT stock FROM products;
Show name from products where product_id > 30,SELECT name FROM products WHERE product_id > 30;
Find average order_id in orders,SELECT AVG(order_id) FROM orders;
Show amount from orders where date <= 40,SELECT amount FROM orders WHERE date <= 40;
Show all orders ordered by order_id,SELECT * FROM orders ORDER BY order_id;
Show all orders,SELECT * FROM orders;
Find all records in customers where city = 60,SELECT * FROM customers WHERE city = 60;
List all department from employees,SELECT department FROM employees;
Find all records in orders where order_id <= 90,SELECT * FROM orders WHERE order_id <= 90;
Find average name in employees,SELECT AVG(name) FROM employees;
Count all rows in orders,SELECT COUNT(*) FROM orders;
Find all records in students where id < 60,SELECT * FROM students WHERE id < 60;
List all amount from orders,SELECT amount FROM orders;
Find maximum product_id in products,SELECT MAX(product_id) FROM products;
Count all rows in customers,SELECT COUNT(*) FROM customers;
Find maximum city in customers,SELECT MAX(city) FROM customers;
Show all students,SELECT * FROM students;
Find all records in students where id <= 70,SELECT * FROM students WHERE id <= 70;
Find maximum name in products,SELECT MAX(name) FROM products;
Show all students ordered by department,SELECT * FROM students ORDER BY department;
Find minimum date in orders,SELECT MIN(date) FROM orders;
List all stock from products,SELECT stock FROM products;
Find minimum age in customers,SELECT MIN(age) FROM customers;
Show amount from orders where order_id > 20,SELECT amount FROM orders WHERE order_id > 20;
List all city from customers,SELECT city FROM customers;
Show all students ordered by department,SELECT * FROM students ORDER BY department;
Count all rows in students,SELECT COUNT(*) FROM students;
Find all records in students where id >= 10,SELECT * FROM students WHERE id >= 10;
Find maximum id in students,SELECT MAX(id) FROM students;
Find average age in students,SELECT AVG(age) FROM students;
Show all products ordered by category,SELECT * FROM products ORDER BY category;
Find average marks in students,SELECT AVG(marks) FROM students;
List all order_id from orders,SELECT order_id FROM orders;
Find minimum date in orders,SELECT MIN(date) FROM orders;
Find average department in students,SELECT AVG(department) FROM students;
Find minimum age in students,SELECT MIN(age) FROM students;
Show amount from orders where order_id = 30,SELECT amount FROM orders WHERE order_id = 30;
Show product_id from products where category > 80,SELECT product_id FROM products WHERE category > 80;
Find maximum product_id in products,SELECT MAX(product_id) FROM products;
Show all orders,SELECT * FROM orders;
Find minimum date in orders,SELECT MIN(date) FROM orders;
Find minimum salary in employees,SELECT MIN(salary) FROM employees;
Count all rows in orders,SELECT COUNT(*) FROM orders;
Find all records in employees where name < 10,SELECT * FROM employees WHERE name < 10;
Show all employees ordered by salary,SELECT * FROM employees ORDER BY salary;
Find maximum membership in customers,SELECT MAX(membership) FROM customers;
Find average id in students,SELECT AVG(id) FROM students;
Find average city in customers,SELECT AVG(city) FROM customers;
List all amount from orders,SELECT amount FROM orders;
Count all rows in customers,SELECT COUNT(*) FROM customers;
Find minimum name in employees,SELECT MIN(name) FROM employees;
Show all students,SELECT * FROM students;
Find maximum stock in products,SELECT MAX(stock) FROM products;
Count all rows in products,SELECT COUNT(*) FROM products;
Show all students,SELECT * FROM students;
Find minimum customer_id in orders,SELECT MIN(customer_id) FROM orders;
Count all rows in students,SELECT COUNT(*) FROM students;
Count all rows in customers,SELECT COUNT(*) FROM customers;
Find maximum customer_id in customers,SELECT MAX(customer_id) FROM customers;
Show customer_id from customers where customer_id = 20,SELECT customer_id FROM customers WHERE customer_id = 20;
Find minimum salary in employees,SELECT MIN(salary) FROM employees;
Count all rows in orders,SELECT COUNT(*) FROM orders;
Show date from orders where status = 60,SELECT date FROM orders WHERE status = 60;
Find all records in orders where customer_id >= 100,SELECT * FROM orders WHERE customer_id >= 100;
Find maximum stock in products,SELECT MAX(stock) FROM products;
Find average age in employees,SELECT AVG(age) FROM employees;
Find maximum status in orders,SELECT MAX(status) FROM orders;
Find maximum order_id in orders,SELECT MAX(order_id) FROM orders;
Show all students,SELECT * FROM students;
Find minimum name in employees,SELECT MIN(name) FROM employees;
Show all products ordered by category,SELECT * FROM products ORDER BY category;
Find all records in students where age <= 50,SELECT * FROM students WHERE age <= 50;
List all amount from orders,SELECT amount FROM orders;
Show all students,SELECT * FROM students;
Find maximum date in orders,SELECT MAX(date) FROM orders;
Find minimum category in products,SELECT MIN(category) FROM products;
Count all rows in orders,SELECT COUNT(*) FROM orders;
Find maximum marks in students,SELECT MAX(marks) FROM students;
Find maximum amount in orders,SELECT MAX(amount) FROM orders;
Find minimum membership in customers,SELECT MIN(membership) FROM customers;
List all id from employees,SELECT id FROM employees;
Find all records in employees where age = 50,SELECT * FROM employees WHERE age = 50;
Show all orders,SELECT * FROM orders;
Count all rows in products,SELECT COUNT(*) FROM products;
List all order_id from orders,SELECT order_id FROM orders;
Show all customers ordered by customer_id,SELECT * FROM customers ORDER BY customer_id;
Find minimum stock in products,SELECT MIN(stock) FROM products;
Show all customers,SELECT * FROM customers;
Count all rows in customers,SELECT COUNT(*) FROM customers;
Count all rows in students,SELECT COUNT(*) FROM students;
Show all products ordered by stock,SELECT * FROM products ORDER BY stock;
Count all rows in customers,SELECT COUNT(*) FROM customers;
List all id from students,SELECT id FROM students;
Find maximum name in products,SELECT MAX(name) FROM products;
Show all employees,SELECT * FROM employees;
Find maximum order_id in orders,SELECT MAX(order_id) FROM orders;
Find maximum customer_id in customers,SELECT MAX(customer_id) FROM customers;
Show all orders,SELECT * FROM orders;
List all customer_id from orders,SELECT customer_id FROM orders;
Show age from employees where department > 50,SELECT age FROM employees WHERE department > 50;
Find average name in customers,SELECT AVG(name) FROM customers;
Show department from employees where department = 40,SELECT department FROM employees WHERE department = 40;
Show status from orders where customer_id > 30,SELECT status FROM orders WHERE customer_id > 30;
Count all rows in products,SELECT COUNT(*) FROM products;
Show department from students where name >= 80,SELECT department FROM students WHERE name >= 80;
Show price from products where stock >= 100,SELECT price FROM products WHERE stock >= 100;
Show all students,SELECT * FROM students;
Show all orders ordered by customer_id,SELECT * FROM orders ORDER BY customer_id;
Find all records in students where id < 80,SELECT * FROM students WHERE id < 80;
Show age from students where id = 50,SELECT age FROM students WHERE id = 50;
Show all students,SELECT * FROM students;
Find minimum customer_id in customers,SELECT MIN(customer_id) FROM customers;
Count all rows in employees,SELECT COUNT(*) FROM employees;
Find maximum date in orders,SELECT MAX(date) FROM orders;
Show all products ordered by name,SELECT * FROM products ORDER BY name;
Show all products ordered by price,SELECT * FROM products ORDER BY price;
Find minimum name in products,SELECT MIN(name) FROM products;
Find all records in products where product_id >= 90,SELECT * FROM products WHERE product_id >= 90;
Show all students ordered by name,SELECT * FROM students ORDER BY name;
Show all products ordered by category,SELECT * FROM products ORDER BY category;
Show all employees ordered by department,SELECT * FROM employees ORDER BY department;
Find average name in products,SELECT AVG(name) FROM products;
Find all records in products where name = 70,SELECT * FROM products WHERE name = 70;
Find all records in orders where amount >= 70,SELECT * FROM orders WHERE amount >= 70;
Find average customer_id in customers,SELECT AVG(customer_id) FROM customers;
List all name from employees,SELECT name FROM employees;
List all customer_id from orders,SELECT customer_id FROM orders;
Find all records in students where marks <= 40,SELECT * FROM students WHERE marks <= 40;
Show all orders,SELECT * FROM orders;
Find all records in products where product_id < 100,SELECT * FROM products WHERE product_id < 100;
List all customer_id from customers,SELECT customer_id FROM customers;
Find average id in students,SELECT AVG(id) FROM students;
Find minimum department in students,SELECT MIN(department) FROM students;
Find all records in employees where id <= 90,SELECT * FROM employees WHERE id <= 90;
Show all employees,SELECT * FROM employees;
Find minimum id in students,SELECT MIN(id) FROM students;
List all stock from products,SELECT stock FROM products;
Find all records in students where age <= 20,SELECT * FROM students WHERE age <= 20;
Find maximum date in orders,SELECT MAX(date) FROM orders;
Show all orders,SELECT * FROM orders;
List all stock from products,SELECT stock FROM products;
Find average department in students,SELECT AVG(department) FROM students;
Show all customers,SELECT * FROM customers;
Find all records in employees where department >= 50,SELECT * FROM employees WHERE department >= 50;
Find average marks in students,SELECT AVG(marks) FROM students;
Show all students,SELECT * FROM students;
Show all employees,SELECT * FROM employees;
Show all orders,SELECT * FROM orders;
List all price from products,SELECT price FROM products;
Find average name in employees,SELECT AVG(name) FROM employees;
Find maximum category in products,SELECT MAX(category) FROM products;
Find average age in customers,SELECT AVG(age) FROM customers;
Find all records in employees where department = 10,SELECT * FROM employees WHERE department = 10;
Count all rows in orders,SELECT COUNT(*) FROM orders;
Count all rows in orders,SELECT COUNT(*) FROM orders;
Find maximum name in employees,SELECT MAX(name) FROM employees;
Find minimum age in students,SELECT MIN(age) FROM students;
Find minimum order_id in orders,SELECT MIN(order_id) FROM orders;
Count all rows in customers,SELECT COUNT(*) FROM customers;
Find minimum date in orders,SELECT MIN(date) FROM orders;
Show all customers,SELECT * FROM customers;
Show all employees ordered by id,SELECT * FROM employees ORDER BY id;
Find maximum department in employees,SELECT MAX(department) FROM employees;
Find all records in employees where department < 10,SELECT * FROM employees WHERE department < 10;
Show price from products where category = 90,SELECT price FROM products WHERE category = 90;
Find maximum product_id in products,SELECT MAX(product_id) FROM products;
Show all products ordered by price,SELECT * FROM products ORDER BY price;
Show id from students where age = 60,SELECT id FROM students WHERE age = 60;
Find maximum stock in products,SELECT MAX(stock) FROM products;
Find maximum category in products,SELECT MAX(category) FROM products;
Find all records in customers where age >= 20,SELECT * FROM customers WHERE age >= 20;
Count all rows in customers,SELECT COUNT(*) FROM customers;
Show customer_id from orders where status = 30,SELECT customer_id FROM orders WHERE status = 30;
Find all records in students where department = 50,SELECT * FROM students WHERE department = 50;
Show salary from employees where id <= 90,SELECT salary FROM employees WHERE id <= 90;
Find average stock in products,SELECT AVG(stock) FROM products;
Find average name in customers,SELECT AVG(name) FROM customers;
List all age from students,SELECT age FROM students;
List all amount from orders,SELECT amount FROM orders;
Show all customers ordered by name,SELECT * FROM customers ORDER BY name;
Find minimum marks in students,SELECT MIN(marks) FROM students;
Find maximum id in students,SELECT MAX(id) FROM students;
Show all customers,SELECT * FROM customers;
Find all records in employees where id = 20,SELECT * FROM employees WHERE id = 20;
Find minimum amount in orders,SELECT MIN(amount) FROM orders;
Find all records in employees where name >= 80,SELECT * FROM employees WHERE name >= 80;
Find minimum membership in customers,SELECT MIN(membership) FROM customers;
Find maximum salary in employees,SELECT MAX(salary) FROM employees;
Show product_id from products where stock < 60,SELECT product_id FROM products WHERE stock < 60;
Count all rows in products,SELECT COUNT(*) FROM products;
Show all products ordered by category,SELECT * FROM products ORDER BY category;
List all id from employees,SELECT id FROM employees;
Show name from products where product_id <= 10,SELECT name FROM products WHERE product_id <= 10;
Find all records in products where product_id <= 50,SELECT * FROM products WHERE product_id <= 50;
Find minimum name in employees,SELECT MIN(name) FROM employees;
Find minimum status in orders,SELECT MIN(status) FROM orders;
Show customer_id from customers where city >= 60,SELECT customer_id FROM customers WHERE city >= 60;
List all name from employees,SELECT name FROM employees;
Show all employees ordered by salary,SELECT * FROM employees ORDER BY salary;
Find minimum order_id in orders,SELECT MIN(order_id) FROM orders;
Find average salary in employees,SELECT AVG(salary) FROM employees;
Count all rows in customers,SELECT COUNT(*) FROM customers;
Find all records in orders where amount > 30,SELECT * FROM orders WHERE amount > 30;
Show all orders ordered by status,SELECT * FROM orders ORDER BY status;
Show all customers ordered by age,SELECT * FROM customers ORDER BY age;
Count all rows in products,SELECT COUNT(*) FROM products;
Show all products ordered by stock,SELECT * FROM products ORDER BY stock;
Find minimum name in customers,SELECT MIN(name) FROM customers;
Show customer_id from customers where city = 90,SELECT customer_id FROM customers WHERE city = 90;
Show all students ordered by marks,SELECT * FROM students ORDER BY marks;
Find all records in orders where amount < 10,SELECT * FROM orders WHERE amount < 10;
List all name from customers,SELECT name FROM customers;
Find all records in orders where amount >= 10,SELECT * FROM orders WHERE amount >= 10;
Count all rows in students,SELECT COUNT(*) FROM students;
Find maximum department in employees,SELECT MAX(department) FROM employees;
Find all records in students where age >= 30,SELECT * FROM students WHERE age >= 30;
Show all orders ordered by status,SELECT * FROM orders ORDER BY status;
Show id from employees where salary >= 10,SELECT id FROM employees WHERE salary >= 10;
Show status from orders where status <= 70,SELECT status FROM orders WHERE status <= 70;
Show age from students where id < 40,SELECT age FROM students WHERE id < 40;
Find average price in products,SELECT AVG(price) FROM products;
Find average department in students,SELECT AVG(department) FROM students;
Find average date in orders,SELECT AVG(date) FROM orders;
Show all employees,SELECT * FROM employees;
Count all rows in customers,SELECT COUNT(*) FROM customers;
Find all records in employees where age < 10,SELECT * FROM employees WHERE age < 10;
Find average price in products,SELECT AVG(price) FROM products;
Show all orders,SELECT * FROM orders;
Find minimum name in customers,SELECT MIN(name) FROM customers;
Show all students,SELECT * FROM students;
Find maximum department in employees,SELECT MAX(department) FROM employees;
Find maximum date in orders,SELECT MAX(date) FROM orders;
Show status from orders where date <= 10,SELECT status FROM orders WHERE date <= 10;
Find minimum age in employees,SELECT MIN(age) FROM employees;
List all amount from orders,SELECT amount FROM orders;
Count all rows in products,SELECT COUNT(*) FROM products;
Show all products ordered by name,SELECT * FROM products ORDER BY name;
Find minimum department in students,SELECT MIN(department) FROM students;
Find average name in students,SELECT AVG(name) FROM students;
Find maximum department in employees,SELECT MAX(department) FROM employees;
Find minimum department in students,SELECT MIN(department) FROM students;
Count all rows in employees,SELECT COUNT(*) FROM employees;
Find minimum age in students,SELECT MIN(age) FROM students;
Find minimum department in students,SELECT MIN(department) FROM students;
List all amount from orders,SELECT amount FROM orders;
Show all students ordered by name,SELECT * FROM students ORDER BY name;
Find maximum age in employees,SELECT MAX(age) FROM employees;
Find minimum category in products,SELECT MIN(category) FROM products;
Find all records in customers where customer_id <= 10,SELECT * FROM customers WHERE customer_id <= 10;
Find average status in orders,SELECT AVG(status) FROM orders;
List all name from customers,SELECT name FROM customers;
Find all records in employees where salary = 10,SELECT * FROM employees WHERE salary = 10;
Count all rows in products,SELECT COUNT(*) FROM products;
Find minimum order_id in orders,SELECT MIN(order_id) FROM orders;
Find maximum name in customers,SELECT MAX(name) FROM customers;
Find minimum id in students,SELECT MIN(id) FROM students;
Find maximum name in products,SELECT MAX(name) FROM products;
Find average status in orders,SELECT AVG(status) FROM orders;
Show all students,SELECT * FROM students;
Show all employees ordered by age,SELECT * FROM employees ORDER BY age;
List all category from products,SELECT category FROM products;
Show product_id from products where price = 80,SELECT product_id FROM products WHERE price = 80;
Find maximum name in students,SELECT MAX(name) FROM students;
Show age from employees where id = 70,SELECT age FROM employees WHERE id = 70;
List all customer_id from orders,SELECT customer_id FROM orders;
Find all records in products where price <= 20,SELECT * FROM products WHERE price <= 20;
Show all employees ordered by department,SELECT * FROM employees ORDER BY department;
Find maximum id in employees,SELECT MAX(id) FROM employees;
Find maximum customer_id in orders,SELECT MAX(customer_id) FROM orders;
Find all records in customers where city >= 100,SELECT * FROM customers WHERE city >= 100;
Find maximum age in students,SELECT MAX(age) FROM students;
Show all orders ordered by order_id,SELECT * FROM orders ORDER BY order_id;
Show all students ordered by age,SELECT * FROM students ORDER BY age;
Show name from products where price >= 60,SELECT name FROM products WHERE price >= 60;
Count all rows in students,SELECT COUNT(*) FROM students;
Find all records in products where category >= 10,SELECT * FROM products WHERE category >= 10;
Find maximum stock in products,SELECT MAX(stock) FROM products;
Show id from students where department <= 60,SELECT id FROM students WHERE department <= 60;
List all product_id from products,SELECT product_id FROM products;
Find maximum department in students,SELECT MAX(department) FROM students;
Show all customers ordered by customer_id,SELECT * FROM customers ORDER BY customer_id;
Count all rows in customers,SELECT COUNT(*) FROM customers;
Show all students ordered by department,SELECT * FROM students ORDER BY department;
Show all customers,SELECT * FROM customers;
Find minimum age in employees,SELECT MIN(age) FROM employees;
Find minimum customer_id in orders,SELECT MIN(customer_id) FROM orders;
Find minimum department in employees,SELECT MIN(department) FROM employees;
Show all orders ordered by order_id,SELECT * FROM orders ORDER BY order_id;
Find minimum amount in orders,SELECT MIN(amount) FROM orders;
Find maximum age in employees,SELECT MAX(age) FROM employees;
Show all customers,SELECT * FROM customers;
Show all orders,SELECT * FROM orders;
Find all records in products where price <= 40,SELECT * FROM products WHERE price <= 40;
Show all products,SELECT * FROM products;
Show age from students where id = 70,SELECT age FROM students WHERE id = 70;
Find minimum department in employees,SELECT MIN(department) FROM employees;
Show all employees,SELECT * FROM employees;
Show all products,SELECT * FROM products;
Show all orders,SELECT * FROM orders;
Show age from employees where age >= 30,SELECT age FROM employees WHERE age >= 30;
Show all products,SELECT * FROM products;
Find all records in products where name < 20,SELECT * FROM products WHERE name < 20;
Find all records in employees where department <= 100,SELECT * FROM employees WHERE department <= 100;
Find average salary in employees,SELECT AVG(salary) FROM employees;
Find minimum date in orders,SELECT MIN(date) FROM orders;
Find maximum order_id in orders,SELECT MAX(order_id) FROM orders;
Find all records in products where name > 100,SELECT * FROM products WHERE name > 100;
Find minimum status in orders,SELECT MIN(status) FROM orders;
Show all students,SELECT * FROM students;
Show salary from employees where department > 50,SELECT salary FROM employees WHERE department > 50;
Find minimum age in customers,SELECT MIN(age) FROM customers;
Find average status in orders,SELECT AVG(status) FROM orders;
List all price from products,SELECT price FROM products;
Count all rows in products,SELECT COUNT(*) FROM products;
Show salary from employees where id < 20,SELECT salary FROM employees WHERE id < 20;
Show price from products where price >= 10,SELECT price FROM products WHERE price >= 10;
List all salary from employees,SELECT salary FROM employees;
Find all records in employees where department <= 30,SELECT * FROM employees WHERE department <= 30;
Find average department in employees,SELECT AVG(department) FROM employees;
Find average stock in products,SELECT AVG(stock) FROM products;
Find all records in employees where name = 10,SELECT * FROM employees WHERE name = 10;
Show age from customers where membership >= 60,SELECT age FROM customers WHERE membership >= 60;
Show age from students where department < 80,SELECT age FROM students WHERE department < 80;
List all amount from orders,SELECT amount FROM orders;
List all salary from employees,SELECT salary FROM employees;
Find maximum name in students,SELECT MAX(name) FROM students;
Find all records in products where stock <= 60,SELECT * FROM products WHERE stock <= 60;
Show all customers ordered by city,SELECT * FROM customers ORDER BY city;
List all date from orders,SELECT date FROM orders;
Find maximum age in customers,SELECT MAX(age) FROM customers;
Show all employees ordered by salary,SELECT * FROM employees ORDER BY salary;
Find average name in students,SELECT AVG(name) FROM students;
Find minimum status in orders,SELECT MIN(status) FROM orders;
Find all records in products where price = 10,SELECT * FROM products WHERE price = 10;
Show status from orders where order_id <= 30,SELECT status FROM orders WHERE order_id <= 30;
Find all records in orders where customer_id <= 50,SELECT * FROM orders WHERE customer_id <= 50;
Show all students ordered by marks,SELECT * FROM students ORDER BY marks;
Show name from students where id >= 100,SELECT name FROM students WHERE id >= 100;
Show all orders ordered by date,SELECT * FROM orders ORDER BY date;
Find average salary in employees,SELECT AVG(salary) FROM employees;
Show age from students where name <= 40,SELECT age FROM students WHERE name <= 40;
Find average id in students,SELECT AVG(id) FROM students;
Show all employees ordered by department,SELECT * FROM employees ORDER BY department;
Count all rows in customers,SELECT COUNT(*) FROM customers;
Count all rows in products,SELECT COUNT(*) FROM products;
Show name from products where price < 10,SELECT name FROM products WHERE price < 10;
Show all customers,SELECT * FROM customers;
Find minimum membership in customers,SELECT MIN(membership) FROM customers;
Count all rows in customers,SELECT COUNT(*) FROM customers;
Find maximum city in customers,SELECT MAX(city) FROM customers;
Show order_id from orders where status <= 100,SELECT order_id FROM orders WHERE status <= 100;
List all amount from orders,SELECT amount FROM orders;
Find all records in customers where membership = 90,SELECT * FROM customers WHERE membership = 90;
Count all rows in students,SELECT COUNT(*) FROM students;
List all category from products,SELECT category FROM products;
Show all customers,SELECT * FROM customers;
Count all rows in customers,SELECT COUNT(*) FROM customers;
Show department from students where id > 70,SELECT department FROM students WHERE id > 70;
Find all records in employees where salary >= 20,SELECT * FROM employees WHERE salary >= 20;
Find minimum product_id in products,SELECT MIN(product_id) FROM products;
List all salary from employees,SELECT salary FROM employees;
Show all products ordered by stock,SELECT * FROM products ORDER BY stock;
Show all products ordered by product_id,SELECT * FROM products ORDER BY product_id;
Find average date in orders,SELECT AVG(date) FROM orders;
Find maximum name in customers,SELECT MAX(name) FROM customers;
Show all orders,SELECT * FROM orders;
Count all rows in orders,SELECT COUNT(*) FROM orders;
Show name from students where department = 80,SELECT name FROM students WHERE department = 80;
Find maximum customer_id in customers,SELECT MAX(customer_id) FROM customers;
Find minimum city in customers,SELECT MIN(city) FROM customers;
List all salary from employees,SELECT salary FROM employees;
Show name from products where stock <= 50,SELECT name FROM products WHERE stock <= 50;
Find minimum date in orders,SELECT MIN(date) FROM orders;
Find average marks in students,SELECT AVG(marks) FROM students;
List all salary from employees,SELECT salary FROM employees;
Find minimum customer_id in orders,SELECT MIN(customer_id) FROM orders;
Show all customers,SELECT * FROM customers;
Find maximum department in students,SELECT MAX(department) FROM students;
Find maximum customer_id in orders,SELECT MAX(customer_id) FROM orders;
Find all records in customers where city = 40,SELECT * FROM customers WHERE city = 40;
Count all rows in orders,SELECT COUNT(*) FROM orders;
Show all customers ordered by customer_id,SELECT * FROM customers ORDER BY customer_id;
Find maximum name in students,SELECT MAX(name) FROM students;
Show all orders ordered by amount,SELECT * FROM orders ORDER BY amount;
Find maximum age in customers,SELECT MAX(age) FROM customers;
Show all products ordered by category,SELECT * FROM products ORDER BY category;
List all id from students,SELECT id FROM students;
Find average age in employees,SELECT AVG(age) FROM employees;
Show all customers ordered by city,SELECT * FROM customers ORDER BY city;
Show all customers,SELECT * FROM customers;
Show all customers,SELECT * FROM customers;
Find all records in orders where status = 80,SELECT * FROM orders WHERE status = 80;
Find average date in orders,SELECT AVG(date) FROM orders;
List all city from customers,SELECT city FROM customers;
Count all rows in students,SELECT COUNT(*) FROM students;
List all name from products,SELECT name FROM products;
Find all records in customers where city <= 100,SELECT * FROM customers WHERE city <= 100;
Show all customers,SELECT * FROM customers;
Count all rows in products,SELECT COUNT(*) FROM products;
Show all students ordered by id,SELECT * FROM students ORDER BY id;
Show all products ordered by price,SELECT * FROM products ORDER BY price;
List all name from products,SELECT name FROM products;
Find all records in customers where age >= 30,SELECT * FROM customers WHERE age >= 30;
Show status from orders where order_id >= 70,SELECT status FROM orders WHERE order_id >= 70;
Find maximum department in employees,SELECT MAX(department) FROM employees;
List all department from students,SELECT department FROM students;
Show all employees ordered by id,SELECT * FROM employees ORDER BY id;
Count all rows in students,SELECT COUNT(*) FROM students;
Find all records in orders where amount > 70,SELECT * FROM orders WHERE amount > 70;
Show all students ordered by department,SELECT * FROM students ORDER BY department;
Find all records in employees where age < 80,SELECT * FROM employees WHERE age < 80;
Find minimum city in customers,SELECT MIN(city) FROM customers;
Find minimum customer_id in customers,SELECT MIN(customer_id) FROM customers;
Show all students,SELECT * FROM students;
Show all products,SELECT * FROM products;
Count all rows in students,SELECT COUNT(*) FROM students;
Find all records in employees where salary < 70,SELECT * FROM employees WHERE salary < 70;
Show all products ordered by price,SELECT * FROM products ORDER BY price;
Find minimum department in employees,SELECT MIN(department) FROM employees;
Find all records in students where id >= 40,SELECT * FROM students WHERE id >= 40;
Show status from orders where amount >= 100,SELECT status FROM orders WHERE amount >= 100;
Find all records in students where id < 50,SELECT * FROM students WHERE id < 50;
List all age from students,SELECT age FROM students;
Show all students ordered by department,SELECT * FROM students ORDER BY department;
Show name from employees where id <= 30,SELECT name FROM employees WHERE id <= 30;
Find minimum order_id in orders,SELECT MIN(order_id) FROM orders;
Find minimum price in products,SELECT MIN(price) FROM products;
Find all records in products where category = 90,SELECT * FROM products WHERE category = 90;
Show all orders,SELECT * FROM orders;
List all marks from students,SELECT marks FROM students;
Find maximum order_id in orders,SELECT MAX(order_id) FROM orders;
Show all orders ordered by amount,SELECT * FROM orders ORDER BY amount;
Show all customers,SELECT * FROM customers;
Show all students ordered by department,SELECT * FROM students ORDER BY department;
List all name from products,SELECT name FROM products;
Find average customer_id in orders,SELECT AVG(customer_id) FROM orders;
Find all records in orders where customer_id > 40,SELECT * FROM orders WHERE customer_id > 40;
Find minimum age in students,SELECT MIN(age) FROM students;
Show all products,SELECT * FROM products;
Count all rows in products,SELECT COUNT(*) FROM products;
Show all employees,SELECT * FROM employees;
Show all students,SELECT * FROM students;
Show all students ordered by name,SELECT * FROM students ORDER BY name;
Find all records in products where price <= 100,SELECT * FROM products WHERE price <= 100;
Find maximum order_id in orders,SELECT MAX(order_id) FROM orders;
Show all orders,SELECT * FROM orders;
List all age from students,SELECT age FROM students;
Find minimum city in customers,SELECT MIN(city) FROM customers;
List all price from products,SELECT price FROM products;
Find average order_id in orders,SELECT AVG(order_id) FROM orders;
Show name from students where id < 70,SELECT name FROM students WHERE id < 70;
Find all records in orders where status = 20,SELECT * FROM orders WHERE status = 20;
Find average name in customers,SELECT AVG(name) FROM customers;
Find minimum status in orders,SELECT MIN(status) FROM orders;
Show all employees,SELECT * FROM employees;
Find all records in employees where id = 100,SELECT * FROM employees WHERE id = 100;
Show department from employees where salary > 90,SELECT department FROM employees WHERE salary > 90;
List all category from products,SELECT category FROM products;
Count all rows in students,SELECT COUNT(*) FROM students;
Find maximum name in students,SELECT MAX(name) FROM students;
List all amount from orders,SELECT amount FROM orders;
Show all products ordered by price,SELECT * FROM products ORDER BY price;
Find all records in orders where amount <= 10,SELECT * FROM orders WHERE amount <= 10;
Find all records in products where stock > 10,SELECT * FROM products WHERE stock > 10;
Find average date in orders,SELECT AVG(date) FROM orders;
List all name from products,SELECT name FROM products;
List all marks from students,SELECT marks FROM students;
Show all students,SELECT * FROM students;
List all status from orders,SELECT status FROM orders;
List all age from customers,SELECT age FROM customers;
Find minimum status in orders,SELECT MIN(status) FROM orders;
List all salary from employees,SELECT salary FROM employees;
Show all products ordered by stock,SELECT * FROM products ORDER BY stock;
Show all orders ordered by date,SELECT * FROM orders ORDER BY date;
Show all customers,SELECT * FROM customers;
Find minimum age in employees,SELECT MIN(age) FROM employees;
Find average id in students,SELECT AVG(id) FROM students;
List all age from customers,SELECT age FROM customers;
Show date from orders where date <= 20,SELECT date FROM orders WHERE date <= 20;
Show all employees,SELECT * FROM employees;
Show city from customers where membership >= 10,SELECT city FROM customers WHERE membership >= 10;
Show all orders,SELECT * FROM orders;
Show all orders ordered by amount,SELECT * FROM orders ORDER BY amount;
Show name from products where stock > 10,SELECT name FROM products WHERE stock > 10;
Find all records in employees where name >= 60,SELECT * FROM employees WHERE name >= 60;
Find maximum name in products,SELECT MAX(name) FROM products;
Show all students,SELECT * FROM students;
Show all employees ordered by salary,SELECT * FROM employees ORDER BY salary;
Find minimum department in employees,SELECT MIN(department) FROM employees;
Find maximum stock in products,SELECT MAX(stock) FROM products;
Find minimum stock in products,SELECT MIN(stock) FROM products;
Find average name in products,SELECT AVG(name) FROM products;
Show all customers,SELECT * FROM customers;
Show all employees ordered by name,SELECT * FROM employees ORDER BY name;
Find all records in orders where customer_id > 90,SELECT * FROM orders WHERE customer_id > 90;
Show id from employees where department >= 10,SELECT id FROM employees WHERE department >= 10;
Show all employees,SELECT * FROM employees;
List all customer_id from customers,SELECT customer_id FROM customers;
Find all records in employees where name = 40,SELECT * FROM employees WHERE name = 40;
Show salary from employees where name < 80,SELECT salary FROM employees WHERE name < 80;
Find maximum name in products,SELECT MAX(name) FROM products;
Show customer_id from customers where city <= 80,SELECT customer_id FROM customers WHERE city <= 80;
Find all records in students where id >= 100,SELECT * FROM students WHERE id >= 100;
Count all rows in orders,SELECT COUNT(*) FROM orders;
Find all records in students where id <= 90,SELECT * FROM students WHERE id <= 90;
Find all records in students where id < 30,SELECT * FROM students WHERE id < 30;
Show stock from products where stock = 100,SELECT stock FROM products WHERE stock = 100;
Show name from students where age = 70,SELECT name FROM students WHERE age = 70;
Find average name in customers,SELECT AVG(name) FROM customers;
Show salary from employees where salary = 90,SELECT salary FROM employees WHERE salary = 90;
Show date from orders where date <= 60,SELECT date FROM orders WHERE date <= 60;
Show all customers,SELECT * FROM customers;
Find maximum name in employees,SELECT MAX(name) FROM employees;
Show all employees,SELECT * FROM employees;
Find all records in products where price < 100,SELECT * FROM products WHERE price < 100;
Find maximum customer_id in customers,SELECT MAX(customer_id) FROM customers;
Show customer_id from orders where order_id >= 70,SELECT customer_id FROM orders WHERE order_id >= 70;
Show all students,SELECT * FROM students;
Count all rows in students,SELECT COUNT(*) FROM students;
Show all customers,SELECT * FROM customers;
List all customer_id from orders,SELECT customer_id FROM orders;
Show all students ordered by department,SELECT * FROM students ORDER BY department;
Find average id in employees,SELECT AVG(id) FROM employees;
Find maximum age in customers,SELECT MAX(age) FROM customers;
Find minimum customer_id in orders,SELECT MIN(customer_id) FROM orders;
Count all rows in students,SELECT COUNT(*) FROM students;
Count all rows in orders,SELECT COUNT(*) FROM orders;
Show all customers ordered by city,SELECT * FROM customers ORDER BY city;
Find maximum marks in students,SELECT MAX(marks) FROM students;
Count all rows in products,SELECT COUNT(*) FROM products;
Find all records in students where age = 30,SELECT * FROM students WHERE age = 30;
Find minimum department in students,SELECT MIN(department) FROM students;
Find all records in students where name >= 70,SELECT * FROM students WHERE name >= 70;
Show age from students where name < 80,SELECT age FROM students WHERE name < 80;
Show all students ordered by marks,SELECT * FROM students ORDER BY marks;
List all department from students,SELECT department FROM students;
List all age from employees,SELECT age FROM employees;
Show age from students where id = 70,SELECT age FROM students WHERE id = 70;
Find maximum name in students,SELECT MAX(name) FROM students;
Show name from students where age = 100,SELECT name FROM students WHERE age = 100;
Show name from employees where salary >= 20,SELECT name FROM employees WHERE salary >= 20;
List all city from customers,SELECT city FROM customers;
Find minimum order_id in orders,SELECT MIN(order_id) FROM orders;
Find maximum age in employees,SELECT MAX(age) FROM employees;
Find all records in orders where order_id >= 80,SELECT * FROM orders WHERE order_id >= 80;
Find minimum order_id in orders,SELECT MIN(order_id) FROM orders;
Find maximum city in customers,SELECT MAX(city) FROM customers;
Show all orders ordered by order_id,SELECT * FROM orders ORDER BY order_id;
Show all students ordered by marks,SELECT * FROM students ORDER BY marks;
Find maximum amount in orders,SELECT MAX(amount) FROM orders;
Find average age in students,SELECT AVG(age) FROM students;
Count all rows in students,SELECT COUNT(*) FROM students;
Count all rows in customers,SELECT COUNT(*) FROM customers;
Find all records in customers where age < 10,SELECT * FROM customers WHERE age < 10;
Show all customers,SELECT * FROM customers;
Find average department in students,SELECT AVG(department) FROM students;
Show all employees,SELECT * FROM employees;
Count all rows in students,SELECT COUNT(*) FROM students;
Show all employees ordered by age,SELECT * FROM employees ORDER BY age;
List all date from orders,SELECT date FROM orders;
Find all records in products where category <= 60,SELECT * FROM products WHERE category <= 60;
Find all records in customers where membership <= 90,SELECT * FROM customers WHERE membership <= 90;
Count all rows in customers,SELECT COUNT(*) FROM customers;
Find all records in students where id <= 90,SELECT * FROM students WHERE id <= 90;
Show all employees,SELECT * FROM employees;
Find all records in students where marks = 40,SELECT * FROM students WHERE marks = 40;
Show customer_id from orders where order_id >= 10,SELECT customer_id FROM orders WHERE order_id >= 10;
Find minimum marks in students,SELECT MIN(marks) FROM students;
Find all records in products where name >= 100,SELECT * FROM products WHERE name >= 100;
Show all customers,SELECT * FROM customers;
Count all rows in customers,SELECT COUNT(*) FROM customers;
Find average city in customers,SELECT AVG(city) FROM customers;
List all name from students,SELECT name FROM students;
Find minimum amount in orders,SELECT MIN(amount) FROM orders;
List all name from customers,SELECT name FROM customers;
Find minimum age in customers,SELECT MIN(age) FROM customers;
Find maximum customer_id in orders,SELECT MAX(customer_id) FROM orders;
Show all students,SELECT * FROM students;
Find minimum name in employees,SELECT MIN(name) FROM employees;
Show all employees ordered by age,SELECT * FROM employees ORDER BY age;
Count all rows in products,SELECT COUNT(*) FROM products;
Show id from students where marks > 20,SELECT id FROM students WHERE marks > 20;
Find all records in students where name = 50,SELECT * FROM students WHERE name = 50;
Find maximum order_id in orders,SELECT MAX(order_id) FROM orders;
Show all customers,SELECT * FROM customers;
List all status from orders,SELECT status FROM orders;
Count all rows in customers,SELECT COUNT(*) FROM customers;
Show all products,SELECT * FROM products;
Show all students,SELECT * FROM students;
Find average name in employees,SELECT AVG(name) FROM employees;
List all date from orders,SELECT date FROM orders;
Find average salary in employees,SELECT AVG(salary) FROM employees;
Find maximum marks in students,SELECT MAX(marks) FROM students;
List all name from employees,SELECT name FROM employees;
List all membership from customers,SELECT membership FROM customers;
Find maximum department in students,SELECT MAX(department) FROM students;
Count all rows in orders,SELECT COUNT(*) FROM orders;
List all date from orders,SELECT date FROM orders;
Find maximum order_id in orders,SELECT MAX(order_id) FROM orders;
Show all customers ordered by name,SELECT * FROM customers ORDER BY name;
Find maximum department in students,SELECT MAX(department) FROM students;
Show age from employees where department <= 100,SELECT age FROM employees WHERE department <= 100;
Find minimum customer_id in customers,SELECT MIN(customer_id) FROM customers;
Find maximum membership in customers,SELECT MAX(membership) FROM customers;
Find minimum city in customers,SELECT MIN(city) FROM customers;
Find average department in employees,SELECT AVG(department) FROM employees;
Show all customers,SELECT * FROM customers;
List all membership from customers,SELECT membership FROM customers;
Find all records in students where age < 70,SELECT * FROM students WHERE age < 70;
Find all records in customers where age >= 20,SELECT * FROM customers WHERE age >= 20;
Find minimum name in employees,SELECT MIN(name) FROM employees;
Show all orders,SELECT * FROM orders;
Find minimum category in products,SELECT MIN(category) FROM products;
Count all rows in students,SELECT COUNT(*) FROM students;
Find average department in students,SELECT AVG(department) FROM students;
Find minimum stock in products,SELECT MIN(stock) FROM products;
Find minimum name in products,SELECT MIN(name) FROM products;
Show all employees ordered by department,SELECT * FROM employees ORDER BY department;
List all name from products,SELECT name FROM products;
List all age from employees,SELECT age FROM employees;
Show all products,SELECT * FROM products;
Find all records in customers where age = 60,SELECT * FROM customers WHERE age = 60;
List all age from students,SELECT age FROM students;
Show all orders,SELECT * FROM orders;
List all membership from customers,SELECT membership FROM customers;
Find average department in students,SELECT AVG(department) FROM students;
Count all rows in orders,SELECT COUNT(*) FROM orders;
Find minimum age in customers,SELECT MIN(age) FROM customers;
Find maximum name in products,SELECT MAX(name) FROM products;
Show all customers,SELECT * FROM customers;
Find average age in employees,SELECT AVG(age) FROM employees;
Find average category in products,SELECT AVG(category) FROM products;
List all salary from employees,SELECT salary FROM employees;
Show stock from products where price >= 10,SELECT stock FROM products WHERE price >= 10;
Find all records in customers where name >= 100,SELECT * FROM customers WHERE name >= 100;
Find minimum department in students,SELECT MIN(department) FROM students;
Show all products,SELECT * FROM products;
Show id from employees where name <= 60,SELECT id FROM employees WHERE name <= 60;
Find maximum date in orders,SELECT MAX(date) FROM orders;
List all price from products,SELECT price FROM products;
Show city from customers where name >= 70,SELECT city FROM customers WHERE name >= 70;
Find minimum salary in employees,SELECT MIN(salary) FROM employees;
Find average stock in products,SELECT AVG(stock) FROM products;
List all marks from students,SELECT marks FROM students;
Find all records in orders where amount >= 40,SELECT * FROM orders WHERE amount >= 40;
List all name from products,SELECT name FROM products;
Find all records in students where department > 90,SELECT * FROM students WHERE department > 90;
Count all rows in students,SELECT COUNT(*) FROM students;
Find maximum stock in products,SELECT MAX(stock) FROM products;
List all name from students,SELECT name FROM students;
List all age from employees,SELECT age FROM employees;
Show all orders ordered by amount,SELECT * FROM orders ORDER BY amount;
List all id from employees,SELECT id FROM employees;
Show amount from orders where date = 40,SELECT amount FROM orders WHERE date = 40;
Show all orders,SELECT * FROM orders;
Show age from students where department = 40,SELECT age FROM students WHERE department = 40;
Count all rows in students,SELECT COUNT(*) FROM students;
Count all rows in employees,SELECT COUNT(*) FROM employees;
List all department from students,SELECT department FROM students;
Show order_id from orders where status > 10,SELECT order_id FROM orders WHERE status > 10;
List all age from students,SELECT age FROM students;
Show age from employees where age > 40,SELECT age FROM employees WHERE age > 40;
Find all records in customers where city <= 100,SELECT * FROM customers WHERE city <= 100;
Count all rows in customers,SELECT COUNT(*) FROM customers;
Show department from students where marks >= 80,SELECT department FROM students WHERE marks >= 80;
Find average amount in orders,SELECT AVG(amount) FROM orders;
Find average stock in products,SELECT AVG(stock) FROM products;
Show all customers,SELECT * FROM customers;
Find maximum id in employees,SELECT MAX(id) FROM employees;
Find minimum order_id in orders,SELECT MIN(order_id) FROM orders;
Find minimum customer_id in orders,SELECT MIN(customer_id) FROM orders;
Find average price in products,SELECT AVG(price) FROM products;
Find maximum name in customers,SELECT MAX(name) FROM customers;
Find average age in students,SELECT AVG(age) FROM students;
Show all customers ordered by name,SELECT * FROM customers ORDER BY name;
Find average product_id in products,SELECT AVG(product_id) FROM products;
Find all records in products where category > 100,SELECT * FROM products WHERE category > 100;
Find average department in students,SELECT AVG(department) FROM students;
List all department from students,SELECT department FROM students;
Find minimum salary in employees,SELECT MIN(salary) FROM employees;
Find maximum name in customers,SELECT MAX(name) FROM customers;
Find average salary in employees,SELECT AVG(salary) FROM employees;
Find maximum salary in employees,SELECT MAX(salary) FROM employees;
Find maximum customer_id in orders,SELECT MAX(customer_id) FROM orders;
Count all rows in customers,SELECT COUNT(*) FROM customers;
Show all students ordered by id,SELECT * FROM students ORDER BY id;
Show all customers ordered by city,SELECT * FROM customers ORDER BY city;
Find average name in employees,SELECT AVG(name) FROM employees;
Find average price in products,SELECT AVG(price) FROM products;
Find minimum age in students,SELECT MIN(age) FROM students;
Show name from students where marks <= 20,SELECT name FROM students WHERE marks <= 20;
Show all orders,SELECT * FROM orders;
Find maximum membership in customers,SELECT MAX(membership) FROM customers;
Find average customer_id in customers,SELECT AVG(customer_id) FROM customers;
Find all records in employees where name < 80,SELECT * FROM employees WHERE name < 80;
Show order_id from orders where status = 20,SELECT order_id FROM orders WHERE status = 20;
Find minimum amount in orders,SELECT MIN(amount) FROM orders;
Show all orders ordered by customer_id,SELECT * FROM orders ORDER BY customer_id;
Show all employees ordered by name,SELECT * FROM employees ORDER BY name;
Show all products,SELECT * FROM products;
Show all students,SELECT * FROM students;
Show id from students where age <= 50,SELECT id FROM students WHERE age <= 50;
Find minimum name in customers,SELECT MIN(name) FROM customers;
Find all records in employees where department > 100,SELECT * FROM employees WHERE department > 100;
Find average age in students,SELECT AVG(age) FROM students;
Find average order_id in orders,SELECT AVG(order_id) FROM orders;
Find minimum customer_id in customers,SELECT MIN(customer_id) FROM customers;
Show all students ordered by marks,SELECT * FROM students ORDER BY marks;
Find average price in products,SELECT AVG(price) FROM products;
Show all students,SELECT * FROM students;
Show order_id from orders where customer_id >= 90,SELECT order_id FROM orders WHERE customer_id >= 90;
Find minimum age in students,SELECT MIN(age) FROM students;
Find maximum price in products,SELECT MAX(price) FROM products;
Find all records in orders where status <= 60,SELECT * FROM orders WHERE status <= 60;
Show all students,SELECT * FROM students;
Show all students,SELECT * FROM students;
Show age from employees where age < 70,SELECT age FROM employees WHERE age < 70;
List all amount from orders,SELECT amount FROM orders;
Show department from employees where id < 90,SELECT department FROM employees WHERE id < 90;
Show all students,SELECT * FROM students;
Find maximum name in customers,SELECT MAX(name) FROM customers;
Show date from orders where date <= 40,SELECT date FROM orders WHERE date <= 40;
Find maximum age in customers,SELECT MAX(age) FROM customers;
Find minimum id in students,SELECT MIN(id) FROM students;
Show amount from orders where amount > 50,SELECT amount FROM orders WHERE amount > 50;
Find all records in products where stock <= 20,SELECT * FROM products WHERE stock <= 20;
Count all rows in orders,SELECT COUNT(*) FROM orders;
Find average name in products,SELECT AVG(name) FROM products;
Find average name in customers,SELECT AVG(name) FROM customers;
Show customer_id from orders where date > 10,SELECT customer_id FROM orders WHERE date > 10;
Show all employees ordered by id,SELECT * FROM employees ORDER BY id;
Show all customers ordered by city,SELECT * FROM customers ORDER BY city;
Find average customer_id in orders,SELECT AVG(customer_id) FROM orders;
Find all records in orders where order_id > 70,SELECT * FROM orders WHERE order_id > 70;
Show city from customers where customer_id > 10,SELECT city FROM customers WHERE customer_id > 10;
List all salary from employees,SELECT salary FROM employees;
Show name from products where product_id <= 80,SELECT name FROM products WHERE product_id <= 80;
Find minimum date in orders,SELECT MIN(date) FROM orders;
Find maximum age in customers,SELECT MAX(age) FROM customers;
Find maximum name in students,SELECT MAX(name) FROM students;
Find average department in students,SELECT AVG(department) FROM students;
Show all students,SELECT * FROM students;
Find all records in customers where age > 50,SELECT * FROM customers WHERE age > 50;
Find all records in employees where name = 60,SELECT * FROM employees WHERE name = 60;
Show id from employees where id <= 80,SELECT id FROM employees WHERE id <= 80;
List all city from customers,SELECT city FROM customers;
Show all customers ordered by age,SELECT * FROM customers ORDER BY age;
Find maximum date in orders,SELECT MAX(date) FROM orders;
List all id from employees,SELECT id FROM employees;
Find maximum membership in customers,SELECT MAX(membership) FROM customers;
Find average status in orders,SELECT AVG(status) FROM orders;
Show name from students where id < 80,SELECT name FROM students WHERE id < 80;
Find minimum age in students,SELECT MIN(age) FROM students;
Show all customers ordered by age,SELECT * FROM customers ORDER BY age;
List all product_id from products,SELECT product_id FROM products;
Find average city in customers,SELECT AVG(city) FROM customers;
Find minimum membership in customers,SELECT MIN(membership) FROM customers;
Show city from customers where age = 70,SELECT city FROM customers WHERE age = 70;
Count all rows in customers,SELECT COUNT(*) FROM customers;
Find maximum order_id in orders,SELECT MAX(order_id) FROM orders;
Show all orders,SELECT * FROM orders;
Show all products,SELECT * FROM products;
Find maximum age in students,SELECT MAX(age) FROM students;
Show all orders ordered by customer_id,SELECT * FROM orders ORDER BY customer_id;
Count all rows in students,SELECT COUNT(*) FROM students;
Show name from students where name > 70,SELECT name FROM students WHERE name > 70;
Show all orders,SELECT * FROM orders;
Find minimum category in products,SELECT MIN(category) FROM products;
Find maximum category in products,SELECT MAX(category) FROM products;
Find average status in orders,SELECT AVG(status) FROM orders;
Show all customers,SELECT * FROM customers;
Find all records in orders where date = 90,SELECT * FROM orders WHERE date = 90;
Find all records in customers where customer_id > 10,SELECT * FROM customers WHERE customer_id > 10;
Find all records in students where age = 100,SELECT * FROM students WHERE age = 100;
Find maximum id in students,SELECT MAX(id) FROM students;
Count all rows in products,SELECT COUNT(*) FROM products;
Find average age in students,SELECT AVG(age) FROM students;
Find maximum age in customers,SELECT MAX(age) FROM customers;
Show product_id from products where category >= 80,SELECT product_id FROM products WHERE category >= 80;
List all order_id from orders,SELECT order_id FROM orders;
Find average product_id in products,SELECT AVG(product_id) FROM products;
Find all records in students where department >= 60,SELECT * FROM students WHERE department >= 60;
Find maximum department in employees,SELECT MAX(department) FROM employees;
Find minimum name in students,SELECT MIN(name) FROM students;
Find maximum status in orders,SELECT MAX(status) FROM orders;
Find maximum membership in customers,SELECT MAX(membership) FROM customers;
Show all students ordered by marks,SELECT * FROM students ORDER BY marks;
Show all customers ordered by city,SELECT * FROM customers ORDER BY city;
Show all employees ordered by id,SELECT * FROM employees ORDER BY id;
Find minimum date in orders,SELECT MIN(date) FROM orders;
Count all rows in orders,SELECT COUNT(*) FROM orders;
Find all records in employees where department > 20,SELECT * FROM employees WHERE department > 20;
Find all records in orders where customer_id <= 20,SELECT * FROM orders WHERE customer_id <= 20;
Find all records in employees where salary < 20,SELECT * FROM employees WHERE salary < 20;
Find average customer_id in orders,SELECT AVG(customer_id) FROM orders;
Find average id in students,SELECT AVG(id) FROM students;
Show all orders,SELECT * FROM orders;
Show all employees,SELECT * FROM employees;
Find maximum name in employees,SELECT MAX(name) FROM employees;
Show all products ordered by name,SELECT * FROM products ORDER BY name;
Show all products ordered by price,SELECT * FROM products ORDER BY price;
Find average city in customers,SELECT AVG(city) FROM customers;
List all city from customers,SELECT city FROM customers;
Show all students ordered by id,SELECT * FROM students ORDER BY id;
Find minimum price in products,SELECT MIN(price) FROM products;
Show all employees,SELECT * FROM employees;
Show all customers ordered by customer_id,SELECT * FROM customers ORDER BY customer_id;
Find all records in products where price < 80,SELECT * FROM products WHERE price < 80;
Show all customers,SELECT * FROM customers;
Count all rows in orders,SELECT COUNT(*) FROM orders;
Find minimum price in products,SELECT MIN(price) FROM products;
Find all records in students where marks < 20,SELECT * FROM students WHERE marks < 20;
Count all rows in products,SELECT COUNT(*) FROM products;
Find average order_id in orders,SELECT AVG(order_id) FROM orders;
Show order_id from orders where customer_id >= 30,SELECT order_id FROM orders WHERE customer_id >= 30;
Find minimum stock in products,SELECT MIN(stock) FROM products;
Count all rows in products,SELECT COUNT(*) FROM products;
Show all employees,SELECT * FROM employees;
Find all records in customers where name <= 90,SELECT * FROM customers WHERE name <= 90;
Find maximum city in customers,SELECT MAX(city) FROM customers;
Find maximum name in products,SELECT MAX(name) FROM products;
Find average date in orders,SELECT AVG(date) FROM orders;
Show all customers ordered by customer_id,SELECT * FROM customers ORDER BY customer_id;
Count all rows in products,SELECT COUNT(*) FROM products;
List all name from employees,SELECT name FROM employees;
Show name from products where price <= 90,SELECT name FROM products WHERE price <= 90;
Count all rows in employees,SELECT COUNT(*) FROM employees;
Show all products,SELECT * FROM products;
List all customer_id from orders,SELECT customer_id FROM orders;
Find all records in customers where customer_id = 90,SELECT * FROM customers WHERE customer_id = 90;
Show all employees,SELECT * FROM employees;
Show department from employees where age <= 40,SELECT department FROM employees WHERE age <= 40;
Show membership from customers where customer_id <= 70,SELECT membership FROM customers WHERE customer_id <= 70;
Show all employees ordered by id,SELECT * FROM employees ORDER BY id;
Find all records in products where price > 60,SELECT * FROM products WHERE price > 60;
Show all students,SELECT * FROM students;
Show all products ordered by name,SELECT * FROM products ORDER BY name;
Show all products ordered by price,SELECT * FROM products ORDER BY price;
Find all records in students where name < 100,SELECT * FROM students WHERE name < 100;
Count all rows in employees,SELECT COUNT(*) FROM employees;
Show all orders ordered by status,SELECT * FROM orders ORDER BY status;
Find minimum amount in orders,SELECT MIN(amount) FROM orders;
Find all records in products where product_id > 90,SELECT * FROM products WHERE product_id > 90;
Show all products,SELECT * FROM products;
List all name from products,SELECT name FROM products;
Show all employees ordered by id,SELECT * FROM employees ORDER BY id;
Find all records in orders where status > 50,SELECT * FROM orders WHERE status > 50;
Find minimum name in employees,SELECT MIN(name) FROM employees;
Find minimum amount in orders,SELECT MIN(amount) FROM orders;
Find all records in students where marks = 50,SELECT * FROM students WHERE marks = 50;
Find average id in employees,SELECT AVG(id) FROM employees;
Show all customers ordered by age,SELECT * FROM customers ORDER BY age;
Find maximum city in customers,SELECT MAX(city) FROM customers;
Find average id in students,SELECT AVG(id) FROM students;
Find average price in products,SELECT AVG(price) FROM products;
Show all customers ordered by age,SELECT * FROM customers ORDER BY age;
Show all products,SELECT * FROM products;
Find all records in products where name = 20,SELECT * FROM products WHERE name = 20;
Find all records in orders where customer_id = 70,SELECT * FROM orders WHERE customer_id = 70;
Find all records in employees where name <= 70,SELECT * FROM employees WHERE name <= 70;
List all department from employees,SELECT department FROM employees;
Find minimum department in employees,SELECT MIN(department) FROM employees;
Count all rows in orders,SELECT COUNT(*) FROM orders;
Show id from employees where id > 10,SELECT id FROM employees WHERE id > 10;
Find maximum age in employees,SELECT MAX(age) FROM employees;
Count all rows in orders,SELECT COUNT(*) FROM orders;
Show all students,SELECT * FROM students;
Find average age in employees,SELECT AVG(age) FROM employees;
Find maximum date in orders,SELECT MAX(date) FROM orders;
Show all customers ordered by age,SELECT * FROM customers ORDER BY age;
Find all records in customers where age > 30,SELECT * FROM customers WHERE age > 30;
Find average salary in employees,SELECT AVG(salary) FROM employees;
Find minimum salary in employees,SELECT MIN(salary) FROM employees;
Show price from products where product_id >= 10,SELECT price FROM products WHERE product_id >= 10;
Find minimum name in employees,SELECT MIN(name) FROM employees;
Find average status in orders,SELECT AVG(status) FROM orders;
Show salary from employees where age < 20,SELECT salary FROM employees WHERE age < 20;
Find all records in customers where membership <= 10,SELECT * FROM customers WHERE membership <= 10;
Show all products,SELECT * FROM products;
Find maximum name in students,SELECT MAX(name) FROM students;
Count all rows in employees,SELECT COUNT(*) FROM employees;
Find maximum name in employees,SELECT MAX(name) FROM employees;
List all status from orders,SELECT status FROM orders;
Find maximum amount in orders,SELECT MAX(amount) FROM orders;
Count all rows in orders,SELECT COUNT(*) FROM orders;
Show all employees ordered by salary,SELECT * FROM employees ORDER BY salary;
Show amount from orders where status >= 30,SELECT amount FROM orders WHERE status >= 30;
Find maximum salary in employees,SELECT MAX(salary) FROM employees;
Show age from students where age >= 50,SELECT age FROM students WHERE age >= 50;
Show all employees,SELECT * FROM employees;
Show all employees ordered by department,SELECT * FROM employees ORDER BY department;
Show name from students where name = 50,SELECT name FROM students WHERE name = 50;
Show all products ordered by name,SELECT * FROM products ORDER BY name;
Find minimum age in customers,SELECT MIN(age) FROM customers;
Show name from students where department <= 70,SELECT name FROM students WHERE department <= 70;
Find maximum price in products,SELECT MAX(price) FROM products;
Find all records in orders where status <= 90,SELECT * FROM orders WHERE status <= 90;
Show all employees,SELECT * FROM employees;
Count all rows in orders,SELECT COUNT(*) FROM orders;
Show all orders ordered by date,SELECT * FROM orders ORDER BY date;
Find all records in employees where age > 90,SELECT * FROM employees WHERE age > 90;
Show age from students where department <= 90,SELECT age FROM students WHERE department <= 90;
Show all products,SELECT * FROM products;
Show all students,SELECT * FROM students;
Show salary from employees where name = 90,SELECT salary FROM employees WHERE name = 90;
Show status from orders where customer_id < 80,SELECT status FROM orders WHERE customer_id < 80;
Find maximum order_id in orders,SELECT MAX(order_id) FROM orders;
Show all products ordered by price,SELECT * FROM products ORDER BY price;
Find minimum date in orders,SELECT MIN(date) FROM orders;
Find all records in students where marks >= 50,SELECT * FROM students WHERE marks >= 50;
Find average id in employees,SELECT AVG(id) FROM employees;
Find maximum name in customers,SELECT MAX(name) FROM customers;
Count all rows in products,SELECT COUNT(*) FROM products;
Show all products ordered by product_id,SELECT * FROM products ORDER BY product_id;
Find maximum status in orders,SELECT MAX(status) FROM orders;
Find maximum marks in students,SELECT MAX(marks) FROM students;
Find average age in customers,SELECT AVG(age) FROM customers;
Find maximum age in students,SELECT MAX(age) FROM students;
Show all customers ordered by age,SELECT * FROM customers ORDER BY age;
Show all products,SELECT * FROM products;
Find all records in products where name > 80,SELECT * FROM products WHERE name > 80;
Count all rows in products,SELECT COUNT(*) FROM products;
Show all orders,SELECT * FROM orders;
Find average price in products,SELECT AVG(price) FROM products;
Show all customers ordered by age,SELECT * FROM customers ORDER BY age;
Show all products ordered by name,SELECT * FROM products ORDER BY name;
Show category from products where name >= 70,SELECT category FROM products WHERE name >= 70;
List all salary from employees,SELECT salary FROM employees;
Show all customers,SELECT * FROM customers;
List all department from students,SELECT department FROM students;
Count all rows in orders,SELECT COUNT(*) FROM orders;
Show all customers ordered by membership,SELECT * FROM customers ORDER BY membership;
Find maximum age in customers,SELECT MAX(age) FROM customers;
Find all records in employees where id < 30,SELECT * FROM employees WHERE id < 30;
Find all records in customers where name <= 80,SELECT * FROM customers WHERE name <= 80;
Find all records in students where department > 90,SELECT * FROM students WHERE department > 90;
Show all students,SELECT * FROM students;
Find average customer_id in customers,SELECT AVG(customer_id) FROM customers;
Show all orders ordered by status,SELECT * FROM orders ORDER BY status;
Find minimum order_id in orders,SELECT MIN(order_id) FROM orders;
Show department from students where id >= 20,SELECT department FROM students WHERE id >= 20;
Find minimum customer_id in customers,SELECT MIN(customer_id) FROM customers;
Show salary from employees where name = 10,SELECT salary FROM employees WHERE name = 10;
Find minimum amount in orders,SELECT MIN(amount) FROM orders;
Count all rows in orders,SELECT COUNT(*) FROM orders;
Show order_id from orders where customer_id < 80,SELECT order_id FROM orders WHERE customer_id < 80;
Show all products,SELECT * FROM products;
List all date from orders,SELECT date FROM orders;
Show all students ordered by name,SELECT * FROM students ORDER BY name;
Find minimum date in orders,SELECT MIN(date) FROM orders;
Show department from students where department = 70,SELECT department FROM students WHERE department = 70;
Show product_id from products where name <= 30,SELECT product_id FROM products WHERE name <= 30;
Find average name in customers,SELECT AVG(name) FROM customers;
Find average name in students,SELECT AVG(name) FROM students;
List all date from orders,SELECT date FROM orders;
Find average id in students,SELECT AVG(id) FROM students;
Find minimum name in students,SELECT MIN(name) FROM students;
Count all rows in products,SELECT COUNT(*) FROM products;
Count all rows in students,SELECT COUNT(*) FROM students;
Count all rows in orders,SELECT COUNT(*) FROM orders;
Show all products ordered by product_id,SELECT * FROM products ORDER BY product_id;
Show all products,SELECT * FROM products;
Find all records in products where product_id > 40,SELECT * FROM products WHERE product_id > 40;
Find minimum age in customers,SELECT MIN(age) FROM customers;
List all product_id from products,SELECT product_id FROM products;
Count all rows in customers,SELECT COUNT(*) FROM customers;
Show all customers ordered by membership,SELECT * FROM customers ORDER BY membership;
Show amount from orders where amount > 80,SELECT amount FROM orders WHERE amount > 80;
Show department from students where department < 40,SELECT department FROM students WHERE department < 40;
Show all students ordered by marks,SELECT * FROM students ORDER BY marks;
Show all customers,SELECT * FROM customers;
Find maximum stock in products,SELECT MAX(stock) FROM products;
Find all records in customers where city <= 100,SELECT * FROM customers WHERE city <= 100;
Show all orders ordered by order_id,SELECT * FROM orders ORDER BY order_id;
Show customer_id from customers where age < 80,SELECT customer_id FROM customers WHERE age < 80;
Show order_id from orders where order_id < 30,SELECT order_id FROM orders WHERE order_id < 30;
List all membership from customers,SELECT membership FROM customers;
Find minimum product_id in products,SELECT MIN(product_id) FROM products;
Show all employees ordered by id,SELECT * FROM employees ORDER BY id;
Show all orders,SELECT * FROM orders;
Find all records in employees where age <= 70,SELECT * FROM employees WHERE age <= 70;
Find all records in employees where department < 10,SELECT * FROM employees WHERE department < 10;
Find all records in orders where order_id >= 10,SELECT * FROM orders WHERE order_id >= 10;
Find all records in customers where city > 10,SELECT * FROM customers WHERE city > 10;
Find average product_id in products,SELECT AVG(product_id) FROM products;
Show all employees,SELECT * FROM employees;
Find minimum status in orders,SELECT MIN(status) FROM orders;
Find minimum city in customers,SELECT MIN(city) FROM customers;
List all amount from orders,SELECT amount FROM orders;
Show age from employees where id > 50,SELECT age FROM employees WHERE id > 50;
Show name from customers where name > 20,SELECT name FROM customers WHERE name > 20;
Show stock from products where product_id < 30,SELECT stock FROM products WHERE product_id < 30;
Find all records in products where stock = 50,SELECT * FROM products WHERE stock = 50;
Find all records in orders where amount >= 90,SELECT * FROM orders WHERE amount >= 90;
List all city from customers,SELECT city FROM customers;
Find all records in orders where order_id > 100,SELECT * FROM orders WHERE order_id > 100;
Find maximum name in customers,SELECT MAX(name) FROM customers;
List all salary from employees,SELECT salary FROM employees;
Find all records in products where name <= 60,SELECT * FROM products WHERE name <= 60;
Find maximum id in employees,SELECT MAX(id) FROM employees;
Count all rows in orders,SELECT COUNT(*) FROM orders;
Count all rows in students,SELECT COUNT(*) FROM students;
Find all records in products where stock > 40,SELECT * FROM products WHERE stock > 40;
Show all employees,SELECT * FROM employees;
Find all records in orders where date <= 30,SELECT * FROM orders WHERE date <= 30;
Find all records in employees where name < 40,SELECT * FROM employees WHERE name < 40;
Find all records in orders where status = 70,SELECT * FROM orders WHERE status = 70;
Find all records in orders where date > 70,SELECT * FROM orders WHERE date > 70;
Find all records in orders where status > 80,SELECT * FROM orders WHERE status > 80;
Find all records in students where age = 80,SELECT * FROM students WHERE age = 80;
Count all rows in orders,SELECT COUNT(*) FROM orders;
Count all rows in employees,SELECT COUNT(*) FROM employees;
Count all rows in orders,SELECT COUNT(*) FROM orders;
List all status from orders,SELECT status FROM orders;
Find average name in employees,SELECT AVG(name) FROM employees;
Show all students ordered by id,SELECT * FROM students ORDER BY id;
Show city from customers where city < 50,SELECT city FROM customers WHERE city < 50;
Show all customers,SELECT * FROM customers;
Find all records in customers where customer_id = 60,SELECT * FROM customers WHERE customer_id = 60;
Find average product_id in products,SELECT AVG(product_id) FROM products;
List all marks from students,SELECT marks FROM students;
Find all records in students where department = 50,SELECT * FROM students WHERE department = 50;
List all price from products,SELECT price FROM products;
Show product_id from products where stock > 10,SELECT product_id FROM products WHERE stock > 10;
Show all products,SELECT * FROM products;
Find maximum price in products,SELECT MAX(price) FROM products;
Count all rows in students,SELECT COUNT(*) FROM students;
List all product_id from products,SELECT product_id FROM products;
Find maximum id in students,SELECT MAX(id) FROM students;
Show all products,SELECT * FROM products;
Find minimum age in customers,SELECT MIN(age) FROM customers;
Find all records in products where name > 30,SELECT * FROM products WHERE name > 30;
Find all records in customers where name > 50,SELECT * FROM customers WHERE name > 50;
Show age from employees where salary > 70,SELECT age FROM employees WHERE salary > 70;
Find minimum order_id in orders,SELECT MIN(order_id) FROM orders;
Show all products ordered by stock,SELECT * FROM products ORDER BY stock;
Find average date in orders,SELECT AVG(date) FROM orders;
Find maximum category in products,SELECT MAX(category) FROM products;
Show all customers ordered by age,SELECT * FROM customers ORDER BY age;
Find average category in products,SELECT AVG(category) FROM products;
Show customer_id from orders where amount >= 50,SELECT customer_id FROM orders WHERE amount >= 50;
Find minimum name in products,SELECT MIN(name) FROM products;
Show all orders ordered by customer_id,SELECT * FROM orders ORDER BY customer_id;
Show all orders,SELECT * FROM orders;
Show all products,SELECT * FROM products;
Find all records in products where price > 30,SELECT * FROM products WHERE price > 30;
Find maximum city in customers,SELECT MAX(city) FROM customers;
Show all products ordered by category,SELECT * FROM products ORDER BY category;
List all price from products,SELECT price FROM products;
Find minimum price in products,SELECT MIN(price) FROM products;
List all marks from students,SELECT marks FROM students;
Find all records in customers where age > 40,SELECT * FROM customers WHERE age > 40;
Find maximum category in products,SELECT MAX(category) FROM products;
Find average customer_id in orders,SELECT AVG(customer_id) FROM orders;
Find all records in students where department >= 30,SELECT * FROM students WHERE department >= 30;
Find minimum customer_id in orders,SELECT MIN(customer_id) FROM orders;
Show all orders,SELECT * FROM orders;
Show id from students where name <= 60,SELECT id FROM students WHERE name <= 60;
Count all rows in products,SELECT COUNT(*) FROM products;
Show date from orders where amount = 90,SELECT date FROM orders WHERE amount = 90;
Find average name in students,SELECT AVG(name) FROM students;
Find average city in customers,SELECT AVG(city) FROM customers;
Find maximum customer_id in customers,SELECT MAX(customer_id) FROM customers;
Show all orders ordered by status,SELECT * FROM orders ORDER BY status;
List all name from students,SELECT name FROM students;
Find maximum age in customers,SELECT MAX(age) FROM customers;
Show name from products where product_id = 40,SELECT name FROM products WHERE product_id = 40;
Find maximum age in customers,SELECT MAX(age) FROM customers;
Count all rows in orders,SELECT COUNT(*) FROM orders;
Find minimum age in employees,SELECT MIN(age) FROM employees;
Show all customers,SELECT * FROM customers;
Show all students,SELECT * FROM students;
Find minimum product_id in products,SELECT MIN(product_id) FROM products;
Show product_id from products where price >= 40,SELECT product_id FROM products WHERE price >= 40;
Count all rows in products,SELECT COUNT(*) FROM products;
Show all customers ordered by name,SELECT * FROM customers ORDER BY name;
List all status from orders,SELECT status FROM orders;
Find maximum stock in products,SELECT MAX(stock) FROM products;
Show all employees,SELECT * FROM employees;
Find minimum id in students,SELECT MIN(id) FROM students;
Show product_id from products where stock > 60,SELECT product_id FROM products WHERE stock > 60;
Find minimum amount in orders,SELECT MIN(amount) FROM orders;
Find all records in customers where city >= 60,SELECT * FROM customers WHERE city >= 60;
Find maximum amount in orders,SELECT MAX(amount) FROM orders;
List all membership from customers,SELECT membership FROM customers;
Show category from products where category < 60,SELECT category FROM products WHERE category < 60;
Show all orders,SELECT * FROM orders;
Show all students ordered by name,SELECT * FROM students ORDER BY name;
Find average amount in orders,SELECT AVG(amount) FROM orders;
Count all rows in customers,SELECT COUNT(*) FROM customers;
Show age from customers where name = 10,SELECT age FROM customers WHERE name = 10;
Find all records in students where name <= 80,SELECT * FROM students WHERE name <= 80;
Find average salary in employees,SELECT AVG(salary) FROM employees;
Find all records in employees where salary <= 50,SELECT * FROM employees WHERE salary <= 50;
Find maximum id in employees,SELECT MAX(id) FROM employees;
Find maximum order_id in orders,SELECT MAX(order_id) FROM orders;
Count all rows in customers,SELECT COUNT(*) FROM customers;
List all id from students,SELECT id FROM students;
Show all students,SELECT * FROM students;
Find all records in employees where age < 70,SELECT * FROM employees WHERE age < 70;
List all age from customers,SELECT age FROM customers;
Find average product_id in products,SELECT AVG(product_id) FROM products;
Find all records in customers where membership = 80,SELECT * FROM customers WHERE membership = 80;
Show marks from students where marks <= 40,SELECT marks FROM students WHERE marks <= 40;
Count all rows in customers,SELECT COUNT(*) FROM customers;
Show all customers ordered by city,SELECT * FROM customers ORDER BY city;
Find minimum city in customers,SELECT MIN(city) FROM customers;
Find all records in orders where customer_id <= 80,SELECT * FROM orders WHERE customer_id <= 80;
Show name from customers where age <= 80,SELECT name FROM customers WHERE age <= 80;
Find all records in orders where order_id >= 40,SELECT * FROM orders WHERE order_id >= 40;
Find average product_id in products,SELECT AVG(product_id) FROM products;
Find minimum name in customers,SELECT MIN(name) FROM customers;
Find maximum id in employees,SELECT MAX(id) FROM employees;
Find average marks in students,SELECT AVG(marks) FROM students;
Find maximum age in students,SELECT MAX(age) FROM students;
Find minimum customer_id in customers,SELECT MIN(customer_id) FROM customers;
Show all orders ordered by customer_id,SELECT * FROM orders ORDER BY customer_id;
List all status from orders,SELECT status FROM orders;
Find average customer_id in orders,SELECT AVG(customer_id) FROM orders;
List all status from orders,SELECT status FROM orders;
Find maximum marks in students,SELECT MAX(marks) FROM students;
Find minimum age in students,SELECT MIN(age) FROM students;
Find average age in customers,SELECT AVG(age) FROM customers;
Show all students ordered by id,SELECT * FROM students ORDER BY id;
List all status from orders,SELECT status FROM orders;
Count all rows in orders,SELECT COUNT(*) FROM orders;
Find maximum customer_id in orders,SELECT MAX(customer_id) FROM orders;
Find all records in customers where city = 50,SELECT * FROM customers WHERE city = 50;
Find maximum marks in students,SELECT MAX(marks) FROM students;
Show all students ordered by age,SELECT * FROM students ORDER BY age;
Show all employees,SELECT * FROM employees;
Find maximum name in customers,SELECT MAX(name) FROM customers;
Show all products,SELECT * FROM products;
Find average product_id in products,SELECT AVG(product_id) FROM products;
Find maximum salary in employees,SELECT MAX(salary) FROM employees;
Find all records in employees where department <= 60,SELECT * FROM employees WHERE department <= 60;
Show all students,SELECT * FROM students;
Count all rows in employees,SELECT COUNT(*) FROM employees;
Find all records in employees where name < 90,SELECT * FROM employees WHERE name < 90;
Find average amount in orders,SELECT AVG(amount) FROM orders;
